age,equipment,Arousal_1
20.940000,6,0.394929
46.570000,6,0.412153
24.160000,6,0.235999
29.660000,6,0.500205
18.380000,6,0.331373
18.210000,6,0.296216
20.830000,6,0.296022
29.140000,6,0.286876
26.100000,6,0.203109
21.220000,6,0.250567
17.500000,6,0.373154
42.750000,6,0.359289
39.960000,6,0.346740
21.810000,6,0.368953
28.440000,6,0.273947
22.050000,6,1.782258
38.810000,6,0.406814
23.900000,6,0.479791
39.350000,6,0.290125
30.780000,6,0.278729
20.360000,6,0.243089
19.510000,6,0.221704
33.260000,6,0.280944
56.760000,6,0.292179
34.130000,6,0.314283
20.400000,6,0.245226
36.490000,6,0.282863
21.390000,6,0.350204
44.610000,6,1.354905
41.290000,6,0.417194
28.380000,6,0.338470
30.740000,6,0.429578
29.060000,6,0.316565
43.170000,6,0.390850
25.830000,6,0.383684
42.070000,6,0.305130
36.810000,6,0.166953
25.730000,6,0.291414
24.330000,6,0.252474
55.460000,6,0.453003
53.020000,6,0.311430
52.030000,6,0.816282
44.890000,6,0.350441
42.310000,6,0.271948
42.360000,6,0.251390
42.150000,6,0.291648
42.240000,6,0.180730
42.150000,6,0.379039
40.470000,6,0.301379
31.010000,6,0.338428
40.230000,6,0.435399
40.570000,6,0.261829
39.430000,6,0.357928
39.230000,6,0.405188
39.140000,6,0.242384
39.660000,6,0.447022
39.490000,6,0.447975
37.180000,6,0.253397
37.030000,6,0.347555
36.650000,6,0.358537
36.550000,6,0.337774
36.420000,6,0.419874
36.230000,6,0.222663
36.520000,6,0.303390
36.210000,6,0.371860
35.980000,6,2.524804
36.000000,6,0.289111
35.470000,6,0.366525
35.130000,6,0.314977
35.470000,6,0.281290
35.707600,6,0.264296
34.530000,6,0.397860
34.420000,6,0.188533
34.310000,6,0.207977
34.600000,6,0.292475
34.160000,6,0.294350
34.150000,6,0.358599
33.290000,6,0.381852
33.400000,6,0.244521
32.860000,6,0.336649
32.610000,6,0.452364
33.280000,6,0.313009
33.370000,6,0.354546
32.900000,6,0.204739
31.980000,6,0.180427
32.600000,6,0.246470
32.240000,6,0.455840
32.230000,6,0.390219
31.070000,6,0.321950
31.560000,6,0.324507
30.700000,6,0.373522
30.610000,6,0.277573
30.470000,6,0.230109
30.010000,6,0.297019
30.300000,6,0.293466
29.560000,6,0.313023
29.745900,6,0.578511
29.940000,6,0.263352
29.500000,6,0.171313
29.570000,6,0.792780
28.810000,6,0.382611
38.270000,6,0.318290
28.070000,6,0.282690
26.920000,6,0.288835
26.370000,6,0.332016
25.470000,6,0.264730
27.010000,6,0.226930
25.340000,6,0.227495
24.400000,6,0.232843
25.150000,6,0.381812
24.930000,6,0.256633
24.810000,6,0.315075
24.740000,6,0.277696
17.540000,6,0.244841
23.830000,6,0.328660
22.920000,6,0.288259
22.270500,6,5.091139
22.140000,6,0.322256
22.090000,6,0.238004
32.410000,6,0.260647
21.190000,6,0.198426
21.270000,6,0.270719
21.560000,6,0.342226
20.590000,6,0.454223
20.330000,6,0.295119
20.390000,6,0.229801
20.480000,6,0.215800
20.150000,6,0.263377
20.450000,6,0.251416
20.080000,6,0.422721
19.250000,6,0.178382
19.400000,6,0.203986
19.860000,6,0.653428
18.760000,6,0.246800
18.900000,6,0.339710
18.610000,6,0.254877
18.290000,6,0.313730
18.400000,6,0.200558
17.800000,6,0.190187
62.090000,6,0.307896
42.040000,6,0.292214
41.820000,6,0.537882
41.010000,6,0.316429
40.570000,6,0.262746
36.150000,6,0.286100
35.340000,6,0.272275
35.550000,6,0.321247
31.350000,6,0.464269
31.010000,6,0.398983
30.950000,6,0.264951
28.100000,6,0.355456
26.780000,6,0.178940
23.800000,6,0.254108
52.100000,6,0.541658
47.220000,6,0.377714
47.220000,6,0.410111
31.630000,6,0.461745
26.930000,6,0.351203
22.000000,9,0.311376
39.000000,9,0.318669
34.000000,9,0.326330
30.000000,9,0.331458
22.000000,9,0.135263
34.000000,9,0.230138
29.000000,9,0.434268
27.000000,9,0.246221
41.000000,9,0.265406
24.000000,9,0.381558
40.000000,9,0.309892
45.000000,9,0.349643
45.000000,9,0.205690
34.000000,9,0.336477
28.000000,9,0.253201
34.000000,9,0.280805
30.000000,9,0.385138
28.000000,9,0.310506
41.000000,9,0.297627
31.000000,9,0.357936
38.000000,9,0.284604
13.640000,3,0.189600
9.570000,3,0.261582
15.520000,3,0.296882
15.250000,3,0.226570
8.940000,3,0.246173
10.210000,3,0.193866
13.190000,3,0.285527
15.410000,3,0.295401
14.160000,3,0.293227
15.300000,3,0.248895
12.780000,3,0.297402
16.000000,3,0.321686
13.980000,3,0.245037
7.520000,3,0.127802
10.920000,3,0.181539
13.930000,3,0.323700
15.240000,3,0.300457
8.830000,3,0.349929
10.510000,3,0.339939
10.390000,3,0.314078
7.090000,3,0.239916
9.710000,3,0.221237
10.750000,3,0.216384
12.710000,3,0.298919
10.160000,3,0.245596
15.990000,3,0.222223
8.490000,3,0.393103
11.530000,3,0.304962
9.830000,3,0.235962
11.960000,3,0.277160
10.810000,3,0.289843
14.680000,3,0.234952
9.290000,3,0.243459
13.100000,3,0.288096
7.120000,3,0.198835
12.580000,3,0.215107
11.460000,3,0.236651
12.450000,3,0.249454
11.210000,3,0.288221
7.270000,3,0.248453
9.600000,3,0.209227
9.490000,3,0.273637
10.860000,3,0.218145
11.760000,3,0.374706
14.190000,3,0.319406
14.030000,3,0.239373
12.190000,3,0.412799
9.790000,3,0.310638
11.830000,3,0.225535
12.630000,3,0.259883
11.460000,3,0.210150
10.170000,3,0.245757
12.980000,3,0.257937
12.960000,3,0.341191
11.360000,3,0.424417
10.150000,3,0.478135
10.910000,3,0.264149
14.040000,3,0.202467
14.420000,3,0.206066
9.330000,3,0.263465
12.470000,3,0.194652
10.350000,3,0.267803
9.450000,3,0.299267
12.490000,3,0.259455
9.510000,3,0.334094
8.170000,3,0.404856
6.380000,3,0.161336
8.500000,3,0.140434
7.830000,3,0.276336
13.940000,3,0.305319
13.810000,3,0.238973
11.590000,3,0.255742
6.510000,3,0.195552
6.430000,3,0.104116
9.690000,3,0.301597
8.160000,3,0.288253
10.570000,3,0.394266
14.920000,3,0.237170
8.580000,3,0.283105
9.060000,3,0.205269
13.410000,3,0.271689
10.200000,3,0.177619
6.570000,3,0.149617
12.400000,3,0.347246
11.270000,3,0.250792
9.670000,3,0.330975
12.740000,3,0.161668
10.210000,3,0.247398
8.160000,3,0.182289
7.090000,3,0.291762
11.480000,3,0.363597
7.630000,3,0.217909
7.870000,3,0.416715
6.470000,3,0.213092
13.830000,3,0.229375
8.350000,3,0.254199
12.530000,3,0.331642
7.280000,3,0.173733
11.280000,3,0.227546
11.100000,3,0.325843
7.430000,3,0.263039
13.320000,3,0.381798
9.880000,3,0.273122
11.320000,3,0.375610
7.500000,3,0.171989
8.290000,3,0.330130
16.120000,3,0.363773
10.100000,3,0.317452
11.040000,3,0.339875
10.180000,3,0.210187
8.880000,3,0.187798
10.750000,3,0.225513
12.960000,3,0.285679
10.940000,3,0.224753
10.050000,3,0.285298
14.450000,3,0.247257
13.240000,3,0.324594
14.030000,3,0.269858
7.050000,3,0.238816
12.070000,3,0.285113
11.890000,3,0.280095
10.210000,3,0.133863
9.270000,3,0.348580
13.560000,3,0.365990
13.560000,3,0.372673
6.600000,3,0.353779
7.960000,3,0.366303
8.650000,3,0.629078
11.040000,3,0.229357
9.710000,3,0.224019
9.450000,3,0.492520
6.800000,3,0.179902
46.840000,3,0.445272
23.360000,3,0.419038
19.280000,3,0.295704
23.930000,3,0.283204
24.180000,3,0.291357
24.330000,3,0.264022
25.010000,3,0.292844
32.580000,3,0.335603
35.410000,3,0.261714
27.080000,3,0.362218
31.790000,3,0.287951
22.140000,3,0.144872
54.910000,3,0.400493
24.790000,3,0.301424
41.330000,3,0.308205
41.030000,3,0.355000
35.650000,3,0.403469
29.040000,3,0.542792
23.150000,3,0.317751
22.790000,3,0.304411
54.170000,3,0.563893
23.810000,3,0.335080
24.590000,3,0.280109
27.730000,3,0.516096
27.100000,3,0.279702
18.010000,3,0.368461
17.180000,3,0.224174
15.760000,3,0.236908
17.460000,3,0.203093
17.630000,3,0.323251
17.600000,3,0.275902
17.690000,3,0.294000
26.480000,3,0.306920
40.920000,3,0.393347
22.730000,3,0.265775
24.660000,3,0.338528
17.820000,3,0.321617
17.530000,3,0.282745
44.850000,3,0.401723
53.380000,3,0.428503
45.070000,3,0.367925
45.600000,3,0.432346
46.020000,3,0.301774
23.210000,3,0.251211
45.620000,3,0.378179
43.220000,3,0.384625
22.020000,3,0.365587
76.560000,3,0.238428
63.250000,3,0.591426
69.770000,3,0.620092
67.070000,3,0.390276
63.660000,3,0.334244
64.130000,3,0.270462
66.090000,3,0.489159
70.340000,3,0.304126
68.200000,3,0.424126
80.400000,3,0.349207
60.210000,3,0.272162
12.340000,3,0.281339
8.910000,3,0.212818
8.280000,3,0.284568
6.100000,3,0.176434
7.460000,3,0.249538
9.380000,3,0.264916
9.280000,3,0.215720
6.940000,3,0.160436
12.520000,3,0.247407
8.820000,3,0.294191
11.580000,3,0.189175
10.220000,3,0.183892
8.980000,3,0.262943
7.510000,3,0.294890
7.750000,3,0.270628
11.550000,3,0.265050
7.800000,3,0.255087
10.990000,3,0.265677
10.670000,3,0.220659
11.730000,3,0.257491
9.220000,3,0.320757
13.710000,3,0.272858
6.560000,3,0.171601
7.530000,3,0.223529
11.630000,3,0.261748
12.350000,3,0.378358
11.640000,3,0.270924
8.700000,3,0.248554
13.960000,3,0.221837
9.170000,3,0.236602
11.910000,3,0.237396
14.740000,3,0.259474
7.960000,3,0.247264
8.310000,3,0.229931
8.910000,3,0.236806
10.300000,3,0.308714
12.730000,3,0.230504
15.360000,3,0.328062
8.320000,3,0.290393
11.890000,3,0.258409
8.410000,3,0.181496
10.300000,3,0.224755
6.880000,3,0.197615
8.840000,3,0.228962
11.870000,3,0.538133
8.670000,3,0.270290
10.240000,3,0.239011
8.350000,3,0.125208
11.660000,3,0.267011
7.340000,3,0.135903
12.630000,3,0.298739
11.280000,3,0.420233
13.190000,3,0.280350
15.770000,3,0.294607
16.450000,3,0.299218
12.410000,3,0.403818
13.680000,3,0.249053
13.070000,3,0.246477
11.320000,3,0.235271
6.840000,3,0.124313
6.690000,3,0.287823
12.390000,3,0.999430
10.550000,3,0.212027
7.440000,3,0.143915
14.730000,3,0.217118
13.440000,3,0.261987
8.280000,3,0.225176
8.040000,3,0.310628
9.960000,3,0.448996
12.460000,3,0.297223
6.450000,3,0.268965
14.370000,3,0.255981
13.880000,3,0.195716
14.920000,3,0.365225
12.260000,3,0.357801
9.630000,3,0.223444
11.240000,3,0.274467
12.080000,3,0.493701
12.530000,3,0.433077
7.860000,3,0.147302
13.080000,3,0.184143
9.570000,3,0.285403
14.740000,3,0.328678
8.610000,3,0.226568
6.410000,3,0.130154
11.610000,3,0.295569
9.830000,3,0.284711
7.400000,3,0.264913
10.800000,3,0.268316
14.370000,3,0.291709
8.830000,3,0.295501
14.600000,3,0.318625
8.870000,3,0.219783
6.020000,3,0.225529
7.520000,3,0.172195
6.740000,3,0.246661
11.460000,3,0.788940
10.990000,3,0.249881
11.310000,3,0.251907
12.930000,3,0.211788
10.360000,3,0.570475
9.350000,3,0.236711
7.750000,3,0.206273
14.730000,3,0.239557
7.520000,3,0.233113
10.630000,3,0.277376
13.420000,3,0.334608
9.050000,3,0.263475
6.860000,3,0.257642
12.840000,3,0.303423
14.840000,3,0.304668
11.940000,3,0.320911
9.710000,3,0.225306
14.860000,3,0.289144
6.140000,3,0.210062
13.630000,3,0.287825
11.540000,3,0.467403
11.090000,3,0.304042
11.560000,3,0.262775
12.990000,3,0.301974
10.890000,3,0.249267
7.660000,3,0.433795
10.440000,3,0.329614
5.980000,3,0.211325
8.050000,3,0.195036
12.680000,3,0.366905
9.380000,3,0.232695
7.780000,3,0.220841
6.800000,3,0.156118
10.500000,3,0.215596
