"age","Arousal_1_mu","Arousal_1_sigma","Arousal_1_nu","Arousal_1_tau"
5.17,0.172436000350845,0.0499499927104752,-0.265265649377117,5.72938037743439
5.19966860297942,0.173084579326475,0.0501450664419707,-0.265265649377117,5.72938037743439
5.22950746243906,0.173733180639024,0.0503401877153901,-0.265265649377117,5.72938037743439
5.25951755541411,0.174381806601546,0.0505353556077812,-0.265265649377117,5.72938037743439
5.28969986454658,0.175030460239708,0.0507305691062633,-0.265265649377117,5.72938037743439
5.32005537811748,0.175679144407615,0.050925827065912,-0.265265649377117,5.72938037743439
5.35058509007916,0.176327861738759,0.0511211282817378,-0.265265649377117,5.72938037743439
5.38129000008789,0.176976614865467,0.0513164715216676,-0.265265649377117,5.72938037743439
5.41217111353658,0.177625406420071,0.0515118555266979,-0.265265649377117,5.72938037743439
5.44322944158769,0.178274239034899,0.0517072790108751,-0.265265649377117,5.72938037743439
5.47446600120632,0.178923115342283,0.0519027406612755,-0.265265649377117,5.72938037743439
5.50588181519358,0.17957203797455,0.0520982391379867,-0.265265649377117,5.72938037743439
5.53747791222,0.180221009565733,0.0522937730749102,-0.265265649377117,5.72938037743439
5.56925532685926,0.180870033167842,0.0524893412810599,-0.265265649377117,5.72938037743439
5.60121509962204,0.181519112795386,0.0526849430058895,-0.265265649377117,5.72938037743439
5.63335827699013,0.182168252597875,0.0528805775415281,-0.265265649377117,5.72938037743439
5.66568591145064,0.182817456452279,0.0530762440245136,-0.265265649377117,5.72938037743439
5.69819906153051,0.183466725941002,0.0532719404451081,-0.265265649377117,5.72938037743439
5.73089879183114,0.184116061497061,0.053467664199721,-0.265265649377117,5.72938037743439
5.76378617306326,0.18476546354489,0.0536634126465255,-0.265265649377117,5.72938037743439
5.796862282082,0.185414932508924,0.053859183109635,-0.265265649377117,5.72938037743439
5.83012820192213,0.186064468813597,0.0540549728790936,-0.265265649377117,5.72938037743439
5.86358502183353,0.186714072883345,0.0542507792108694,-0.265265649377117,5.72938037743439
5.89723383731687,0.187363745142603,0.0544465993268483,-0.265265649377117,5.72938037743439
5.93107575015945,0.188013483335524,0.0546424290865017,-0.265265649377117,5.72938037743439
5.96511186847132,0.188663274027672,0.0548382587581664,-0.265265649377117,5.72938037743439
5.99934330672151,0.189313110306195,0.0550340817752435,-0.265265649377117,5.72938037743439
6.03377118577458,0.189962985550621,0.0552298916598493,-0.265265649377117,5.72938037743439
6.06839663292727,0.190612893100514,0.0554256818582556,-0.265265649377117,5.72938037743439
6.10322078194544,0.191262826335793,0.0556214457808982,-0.265265649377117,5.72938037743439
6.1382447731012,0.191912778636327,0.0558171767823782,-0.265265649377117,5.72938037743439
6.17346975321022,0.192562743383974,0.0560128681625445,-0.265265649377117,5.72938037743439
6.2088968756693,0.193212713960116,0.0562085131653376,-0.265265649377117,5.72938037743439
6.24452730049414,0.193862683745878,0.0564041049789751,-0.265265649377117,5.72938037743439
6.28036219435729,0.194512646122426,0.0565996367361876,-0.265265649377117,5.72938037743439
6.31640273062641,0.195162594470988,0.0567951015143246,-0.265265649377117,5.72938037743439
6.35265008940263,0.195812522172798,0.056990492335428,-0.265265649377117,5.72938037743439
6.38910545755924,0.19646242260909,0.0571858021663395,-0.265265649377117,5.72938037743439
6.42577002878051,0.197112289161083,0.0573810239188116,-0.265265649377117,5.72938037743439
6.46264500360081,0.197762115209986,0.057576150449638,-0.265265649377117,5.72938037743439
6.4997315894439,0.198411894137017,0.0577711745607976,-0.265265649377117,5.72938037743439
6.53703100066247,0.199061619323391,0.057966088999592,-0.265265649377117,5.72938037743439
6.57454445857791,0.199711284149956,0.0581608864587393,-0.265265649377117,5.72938037743439
6.61227319152028,0.200360882005026,0.0583555595778378,-0.265265649377117,5.72938037743439
6.65021843486858,0.201010406182764,0.0585501009266328,-0.265265649377117,5.72938037743439
6.68838143109112,0.201659850272416,0.0587445030699208,-0.265265649377117,5.72938037743439
6.72676342978627,0.202309207633361,0.0589387584803167,-0.265265649377117,5.72938037743439
6.76536568772337,0.202958467112517,0.0591328588321272,-0.265265649377117,5.72938037743439
6.80418946888385,0.203607605905953,0.0593267938351595,-0.265265649377117,5.72938037743439
6.84323604450262,0.204256598244203,0.0595205526844276,-0.265265649377117,5.72938037743439
6.88250669310974,0.204905418497475,0.0597141245750738,-0.265265649377117,5.72938037743439
6.92200270057223,0.205554041038394,0.0599074986799571,-0.265265649377117,5.72938037743439
6.9617253601362,0.206202440239395,0.0601006641495266,-0.265265649377117,5.72938037743439
7.00167597246921,0.206850590472921,0.060293610112165,-0.265265649377117,5.72938037743439
7.04185584570281,0.207498466111419,0.0604863256745048,-0.265265649377117,5.72938037743439
7.08226629547544,0.208146041527335,0.06067879992175,-0.265265649377117,5.72938037743439
7.12290864497543,0.208793291093115,0.0608710219180055,-0.265265649377117,5.72938037743439
7.16378422498442,0.209440189181204,0.0610629807066123,-0.265265649377117,5.72938037743439
7.20489437392084,0.210086710164051,0.0612546653104889,-0.265265649377117,5.72938037743439
7.2462404378838,0.210732828414102,0.0614460647324789,-0.265265649377117,5.72938037743439
7.28782377069714,0.2113785183038,0.0616371679557048,-0.265265649377117,5.72938037743439
7.32964573395378,0.212023754205593,0.0618279639439286,-0.265265649377117,5.72938037743439
7.37170769706025,0.212668510491927,0.0620184416419174,-0.265265649377117,5.72938037743439
7.41401103728161,0.213312761535249,0.062208589975816,-0.265265649377117,5.72938037743439
7.45655713978647,0.213956481708003,0.0623983978535257,-0.265265649377117,5.72938037743439
7.4993473976924,0.214599645382638,0.0625878541650891,-0.265265649377117,5.72938037743439
7.54238321211153,0.2152422269316,0.0627769477830824,-0.265265649377117,5.72938037743439
7.5856659921964,0.215884200727243,0.0629656675629614,-0.265265649377117,5.72938037743439
7.62919715518614,0.216525541142273,0.0631540023436993,-0.265265649377117,5.72938037743439
7.67297812645286,0.217166222551637,0.0633419409491925,-0.265265649377117,5.72938037743439
7.71701033954831,0.217806219338676,0.0635294721919201,-0.265265649377117,5.72938037743439
7.76129523625085,0.218445505810958,0.0637165848290289,-0.265265649377117,5.72938037743439
7.80583426661263,0.21908405760992,0.0639032683065637,-0.265265649377117,5.72938037743439
7.85062888900708,0.219721865061682,0.0640895198208023,-0.265265649377117,5.72938037743439
7.89568057017665,0.22035892875017,0.0642753420262993,-0.265265649377117,5.72938037743439
7.94099078528089,0.220995249459543,0.0644607377414369,-0.265265649377117,5.72938037743439
7.98656101794466,0.221630827969229,0.0646457098400666,-0.265265649377117,5.72938037743439
8.03239276030681,0.222265665059068,0.0648302612539198,-0.265265649377117,5.72938037743439
8.07848751306896,0.222899761508536,0.0650143949718965,-0.265265649377117,5.72938037743439
8.12484678554468,0.223533118097339,0.065198114040081,-0.265265649377117,5.72938037743439
8.17147209570888,0.224165735605153,0.0653814215613067,-0.265265649377117,5.72938037743439
8.21836497024756,0.224797614811643,0.0655643206948719,-0.265265649377117,5.72938037743439
8.26552694460776,0.225428756496502,0.065746814656248,-0.265265649377117,5.72938037743439
8.31295956304785,0.226059161439399,0.065928906716782,-0.265265649377117,5.72938037743439
8.36066437868809,0.226688830419994,0.0661106002034047,-0.265265649377117,5.72938037743439
8.40864295356149,0.227317764217969,0.0662918984983401,-0.265265649377117,5.72938037743439
8.45689685866496,0.227945963612997,0.0664728050388152,-0.265265649377117,5.72938037743439
8.50542767401073,0.22857342938475,0.0666533233167722,-0.265265649377117,5.72938037743439
8.55423698867811,0.229200162312904,0.0668334568785821,-0.265265649377117,5.72938037743439
8.60332640086553,0.229826163177133,0.0670132093247613,-0.265265649377117,5.72938037743439
8.65269751794283,0.230451432757109,0.067192584309689,-0.265265649377117,5.72938037743439
8.70235195650393,0.231075971832504,0.0673715855413274,-0.265265649377117,5.72938037743439
8.75229134241973,0.231699781182995,0.067550216780945,-0.265265649377117,5.72938037743439
8.80251731089138,0.232322861588255,0.0677284818428398,-0.265265649377117,5.72938037743439
8.85303150650382,0.232945213827956,0.0679063845940675,-0.265265649377117,5.72938037743439
8.9038355832796,0.233566838681769,0.068083928954173,-0.265265649377117,5.72938037743439
8.95493120473305,0.234187736929388,0.0682611188949,-0.265265649377117,5.72938037743439
9.00632004392478,0.234807909355129,0.0684379584355239,-0.265265649377117,5.72938037743439
9.05800378351642,0.23542735652234,0.0686144518589278,-0.265265649377117,5.72938037743439
9.10998411582575,0.236046078576713,0.0687906039041912,-0.265265649377117,5.72938037743439
9.16226274288208,0.236664075579289,0.0689664194514296,-0.265265649377117,5.72938037743439
9.21484137648203,0.237281347596816,0.0691419034353104,-0.265265649377117,5.72938037743439
9.2677217382455,0.237897894696004,0.0693170608502469,-0.265265649377117,5.72938037743439
9.32090555967215,0.238513716943564,0.0694918967500751,-0.265265649377117,5.72938037743439
9.37439458219798,0.239128814406205,0.0696664162477693,-0.265265649377117,5.72938037743439
9.42819055725246,0.239743187150637,0.0698406245151612,-0.265265649377117,5.72938037743439
9.48229524631579,0.24035683524357,0.0700145267826653,-0.265265649377117,5.72938037743439
9.53671042097664,0.240969758751715,0.0701881283390078,-0.265265649377117,5.72938037743439
9.59143786299011,0.241581957741781,0.0703614345309612,-0.265265649377117,5.72938037743439
9.64647936433611,0.242193432280478,0.0705344507630838,-0.265265649377117,5.72938037743439
9.70183672727802,0.242804182434518,0.0707071824974647,-0.265265649377117,5.72938037743439
9.75751176442169,0.243414208270608,0.0708796352534728,-0.265265649377117,5.72938037743439
9.81350629877481,0.244023509855461,0.0710518146075131,-0.265265649377117,5.72938037743439
9.86982216380661,0.244632087255783,0.0712237261927871,-0.265265649377117,5.72938037743439
9.92646120350786,0.245239940538288,0.0713953756990585,-0.265265649377117,5.72938037743439
9.98342527245127,0.245847069769684,0.0715667688724262,-0.265265649377117,5.72938037743439
10.0407162358523,0.246453475016681,0.0717379115151017,-0.265265649377117,5.72938037743439
10.0983359696299,0.247059156345991,0.0719088094851925,-0.265265649377117,5.72938037743439
10.1562863604686,0.247664113824321,0.0720794686964921,-0.265265649377117,5.72938037743439
10.2145693058794,0.248268347518384,0.0722498951182752,-0.265265649377117,5.72938037743439
10.2731867142627,0.248871857494888,0.0724200947751013,-0.265265649377117,5.72938037743439
10.3321405049705,0.249474643820526,0.0725900737466144,-0.265265649377117,5.72938037743439
10.3914326083688,0.250076706570239,0.0727598381699946,-0.265265649377117,5.72938037743439
10.4510649659017,0.250678042191799,0.072929393080774,-0.265265649377117,5.72938037743439
10.5110395301542,0.251278615370414,0.0730987334408416,-0.265265649377117,5.72938037743439
10.5713582649165,0.25187837415278,0.0732678489544602,-0.265265649377117,5.72938037743439
10.6320231452483,0.252477266449568,0.0734367293277768,-0.265265649377117,5.72938037743439
10.6930361575431,0.253075240171463,0.0736053643119686,-0.265265649377117,5.72938037743439
10.7543992995939,0.253672243229155,0.0737737437030002,-0.265265649377117,5.72938037743439
10.8161145806581,0.254268223533332,0.0739418573413737,-0.265265649377117,5.72938037743439
10.8781840215234,0.254863128994681,0.0741096951118629,-0.265265649377117,5.72938037743439
10.940609654574,0.255456907523892,0.074277246943234,-0.265265649377117,5.72938037743439
11.0033935238572,0.25604950703165,0.0744445028079518,-0.265265649377117,5.72938037743439
11.0665376851504,0.256640875428647,0.0746114527218711,-0.265265649377117,5.72938037743439
11.130044206028,0.257230960625564,0.0747780867439144,-0.265265649377117,5.72938037743439
11.1939151659298,0.257819710533095,0.0749443949757352,-0.265265649377117,5.72938037743439
11.2581526562283,0.258407073061927,0.0751103675613663,-0.265265649377117,5.72938037743439
11.3227587802978,0.258992996122745,0.0752759946868556,-0.265265649377117,5.72938037743439
11.387735653583,0.259577427626236,0.0754412665798868,-0.265265649377117,5.72938037743439
11.4530854036682,0.260160315483108,0.0756061735093864,-0.265265649377117,5.72938037743439
11.5188101703473,0.260741607604007,0.0757707057851155,-0.265265649377117,5.72938037743439
11.5849121056934,0.261321251899662,0.0759348537572512,-0.265265649377117,5.72938037743439
11.6513933741296,0.261899196280741,0.0760986078159503,-0.265265649377117,5.72938037743439
11.7182561524999,0.262475388657934,0.0762619583909011,-0.265265649377117,5.72938037743439
11.78550263014,0.263049776941954,0.0764248959508674,-0.265265649377117,5.72938037743439
11.8531350089498,0.26362230904335,0.0765874110031596,-0.265265649377117,5.72938037743439
11.9211555034647,0.264192932872698,0.0767494940931945,-0.265265649377117,5.72938037743439
11.9895663409286,0.264761595883456,0.0769111356609793,-0.265265649377117,5.72938037743439
12.0583697613666,0.265328247367194,0.0770723267586792,-0.265265649377117,5.72938037743439
12.1275680176584,0.265892852730705,0.0772330635181056,-0.265265649377117,5.72938037743439
12.1971633756124,0.266455408963976,0.0773933519938707,-0.265265649377117,5.72938037743439
12.2671581140391,0.267015916263706,0.0775531992867038,-0.265265649377117,5.72938037743439
12.3375545248266,0.267574374766323,0.0777126125210206,-0.265265649377117,5.72938037743439
12.408354913015,0.268130784572183,0.0778715988522106,-0.265265649377117,5.72938037743439
12.4795615968722,0.268685145779851,0.0780301654770782,-0.265265649377117,5.72938037743439
12.5511769079698,0.269237458488089,0.0781883196341955,-0.265265649377117,5.72938037743439
12.6232031912594,0.269787722795681,0.0783460686035765,-0.265265649377117,5.72938037743439
12.6956428051492,0.270335938801393,0.0785034197064167,-0.265265649377117,5.72938037743439
12.7684981215814,0.270882106604012,0.0786603803048446,-0.265265649377117,5.72938037743439
12.8417715261099,0.271426226302305,0.0788169578016808,-0.265265649377117,5.72938037743439
12.9154654179785,0.271968297995053,0.0789731596402058,-0.265265649377117,5.72938037743439
12.9895822101991,0.272508321781026,0.0791289933039359,-0.265265649377117,5.72938037743439
13.064124329631,0.273046297759013,0.0792844663164061,-0.265265649377117,5.72938037743439
13.1390942170603,0.273582226027777,0.0794395862409648,-0.265265649377117,5.72938037743439
13.2144943272799,0.274116106686096,0.0795943606805734,-0.265265649377117,5.72938037743439
13.2903271291696,0.274647939832752,0.079748797277615,-0.265265649377117,5.72938037743439
13.3665951057773,0.275177725566516,0.0799029037137156,-0.265265649377117,5.72938037743439
13.4433007544001,0.275705463986163,0.0800566877095672,-0.265265649377117,5.72938037743439
13.5204465866661,0.276231155190473,0.080210157024766,-0.265265649377117,5.72938037743439
13.5980351286167,0.276754799278231,0.0803633194576552,-0.265265649377117,5.72938037743439
13.676068920789,0.277276396348189,0.0805161828451795,-0.265265649377117,5.72938037743439
13.7545505182997,0.277795946499151,0.0806687550627462,-0.265265649377117,5.72938037743439
13.8334824909279,0.278313449829902,0.0808210440241056,-0.265265649377117,5.72938037743439
13.9128674231999,0.278828906438156,0.0809730576808257,-0.265265649377117,5.72938037743439
13.9927079144734,0.279342313798677,0.0811248030808944,-0.265265649377117,5.72938037743439
14.073006579023,0.279853652647802,0.0812762812971252,-0.265265649377117,5.72938037743439
14.1537660461255,0.280362897160959,0.0814274910720372,-0.265265649377117,5.72938037743439
14.234988960146,0.280870021497092,0.0815784311652302,-0.265265649377117,5.72938037743439
14.3166779806247,0.281374999815181,0.0817291003589527,-0.265265649377117,5.72938037743439
14.3988357823639,0.281877806274177,0.0818794974577319,-0.265265649377117,5.72938037743439
14.4814650555153,0.282378415033033,0.0820296212880073,-0.265265649377117,5.72938037743439
14.5645685056686,0.28287680025071,0.0821794706977614,-0.265265649377117,5.72938037743439
14.6481488539396,0.283372936086166,0.0823290445561463,-0.265265649377117,5.72938037743439
14.7322088370597,0.283866796698367,0.0824783417531088,-0.265265649377117,5.72938037743439
14.8167512074652,0.284358356246265,0.0826273611990104,-0.265265649377117,5.72938037743439
14.9017787333877,0.284847588888818,0.0827761018242469,-0.265265649377117,5.72938037743439
14.9872941989444,0.285334468784988,0.0829245625788608,-0.265265649377117,5.72938037743439
15.0733004042295,0.28581897009375,0.0830727424321544,-0.265265649377117,5.72938037743439
15.1598001654061,0.286301066974043,0.0832206403722993,-0.265265649377117,5.72938037743439
15.2467963147977,0.286780733584786,0.0833682554059429,-0.265265649377117,5.72938037743439
15.3342917009818,0.287257944085013,0.0835155865578032,-0.265265649377117,5.72938037743439
15.4222891888826,0.287732672633647,0.0836626328702779,-0.265265649377117,5.72938037743439
15.5107916598649,0.288204893389653,0.0838093934030352,-0.265265649377117,5.72938037743439
15.5998020118288,0.288674580511992,0.0839558672326231,-0.265265649377117,5.72938037743439
15.6893231593039,0.289141708159616,0.0841020534520083,-0.265265649377117,5.72938037743439
15.7793580335455,0.289606250491484,0.0842479511702219,-0.265265649377117,5.72938037743439
15.8699095826301,0.290068181666929,0.0843935595128956,-0.265265649377117,5.72938037743439
15.9609807715521,0.290527475844104,0.0845388776177847,-0.265265649377117,5.72938037743439
16.0525745823206,0.290984107190903,0.0846839046622523,-0.265265649377117,5.72938037743439
16.1446940140576,0.291438049808273,0.0848286396675377,-0.265265649377117,5.72938037743439
16.2373420830958,0.291889276836459,0.0849730792128927,-0.265265649377117,5.72938037743439
16.3305218230773,0.292337759988759,0.0851172162232374,-0.265265649377117,5.72938037743439
16.4242362850532,0.292783470926681,0.0852610434648636,-0.265265649377117,5.72938037743439
16.5184885375835,0.293226381299044,0.085404553644493,-0.265265649377117,5.72938037743439
16.6132816668372,0.293666462756256,0.0855477394453117,-0.265265649377117,5.72938037743439
16.7086187766938,0.294103686949621,0.0856905935248882,-0.265265649377117,5.72938037743439
16.8045029888447,0.294538025530455,0.0858331085125355,-0.265265649377117,5.72938037743439
16.9009374428955,0.294969450150075,0.0859752770089249,-0.265265649377117,5.72938037743439
16.9979252964686,0.295397932459796,0.0861170915857234,-0.265265649377117,5.72938037743439
17.0954697253071,0.29582344411086,0.0862585447850608,-0.265265649377117,5.72938037743439
17.193573923378,0.296245956754199,0.086399629118614,-0.265265649377117,5.72938037743439
17.2922411029777,0.296665442040916,0.0865403370681355,-0.265265649377117,5.72938037743439
17.3914744948362,0.297081871622062,0.0866806610852538,-0.265265649377117,5.72938037743439
17.4912773482238,0.297495217148969,0.0868205935906979,-0.265265649377117,5.72938037743439
17.591652931057,0.297905450272577,0.0869601269740171,-0.265265649377117,5.72938037743439
17.6926045300054,0.298312542644101,0.0870992535932147,-0.265265649377117,5.72938037743439
17.7941354505997,0.298716465914646,0.0872379657743926,-0.265265649377117,5.72938037743439
17.8962490173397,0.299117191735362,0.0873762558113811,-0.265265649377117,5.72938037743439
17.9989485738032,0.299514691757381,0.0875141159653832,-0.265265649377117,5.72938037743439
18.1022374827554,0.299908937631847,0.0876515384646136,-0.265265649377117,5.72938037743439
18.2061191262593,0.300299901009792,0.087788515503899,-0.265265649377117,5.72938037743439
18.310596905786,0.300687553541623,0.087925039244135,-0.265265649377117,5.72938037743439
18.4156742423264,0.301071866870666,0.0880611018098517,-0.265265649377117,5.72938037743439
18.5213545765032,0.301452812606852,0.0881966952803369,-0.265265649377117,5.72938037743439
18.6276413686833,0.301830362316345,0.0883318116858695,-0.265265649377117,5.72938037743439
18.7345380990916,0.302204496883462,0.0884664460386884,-0.265265649377117,5.72938037743439
18.8420482679242,0.302575237905117,0.0886006065084364,-0.265265649377117,5.72938037743439
18.9501753954639,0.302942618358796,0.0887343049440554,-0.265265649377117,5.72938037743439
19.0589230221947,0.303306672465675,0.0888675535955196,-0.265265649377117,5.72938037743439
19.1682947089183,0.303667433662329,0.089000364457335,-0.265265649377117,5.72938037743439
19.2782940368702,0.304024935627714,0.0891327496017155,-0.265265649377117,5.72938037743439
19.3889246078374,0.304379211980652,0.0892647210811104,-0.265265649377117,5.72938037743439
19.500190044276,0.304730296355378,0.0893962909531422,-0.265265649377117,5.72938037743439
19.6120939894302,0.305078222383815,0.0895274712754294,-0.265265649377117,5.72938037743439
19.7246401074509,0.305423023697906,0.0896582741068121,-0.265265649377117,5.72938037743439
19.8378320835167,0.305764733929635,0.0897887115078947,-0.265265649377117,5.72938037743439
19.9516736239535,0.306103386710896,0.0899187955415605,-0.265265649377117,5.72938037743439
20.0661684563566,0.306439015673611,0.0900485382734934,-0.265265649377117,5.72938037743439
20.1813203297124,0.306771654449758,0.0901779517727063,-0.265265649377117,5.72938037743439
20.2971330145215,0.307101336671267,0.0903070481120751,-0.265265649377117,5.72938037743439
20.4136103029215,0.307428095970084,0.090435839368871,-0.265265649377117,5.72938037743439
20.5307560088121,0.30775196597812,0.090564337625303,-0.265265649377117,5.72938037743439
20.6485739679789,0.308072980327344,0.0906925549690499,-0.265265649377117,5.72938037743439
20.7670680382202,0.308391172649692,0.09082050349381,-0.265265649377117,5.72938037743439
20.8862420994721,0.308706576577109,0.090948195299851,-0.265265649377117,5.72938037743439
21.0061000539366,0.309019225741515,0.0910756424945474,-0.265265649377117,5.72938037743439
21.1266458262086,0.309329153774948,0.091202857192979,-0.265265649377117,5.72938037743439
21.2478833634048,0.309636394308058,0.0913298515178932,-0.265265649377117,5.72938037743439
21.369816635293,0.309940980987849,0.0914566376077973,-0.265265649377117,5.72938037743439
21.4924496344217,0.310242947304124,0.0915832275430931,-0.265265649377117,5.72938037743439
21.6157863762513,0.310542328310791,0.0917096340859888,-0.265265649377117,5.72938037743439
21.7398308992851,0.310839180799397,0.0918358793581809,-0.265265649377117,5.72938037743439
21.8645872652021,0.311133585296174,0.0919619957362462,-0.265265649377117,5.72938037743439
21.9900595589893,0.311425622795702,0.0920880158717977,-0.265265649377117,5.72938037743439
22.1162518890763,0.31171537444948,0.0922139725594233,-0.265265649377117,5.72938037743439
22.2431683874689,0.312002921376353,0.0923398986567297,-0.265265649377117,5.72938037743439
22.3708132098852,0.312288344700592,0.0924658271022525,-0.265265649377117,5.72938037743439
22.4991905358911,0.312571725546686,0.0925917909148282,-0.265265649377117,5.72938037743439
22.6283045690377,0.312853145039158,0.0927178231951598,-0.265265649377117,5.72938037743439
22.7581595369982,0.313132684302469,0.0928439571275419,-0.265265649377117,5.72938037743439
22.8887596917072,0.313410424461103,0.0929702259816245,-0.265265649377117,5.72938037743439
23.0201093094992,0.313686446639575,0.0930966631142397,-0.265265649377117,5.72938037743439
23.152212691249,0.31396083196238,0.0932233019712925,-0.265265649377117,5.72938037743439
23.2850741625124,0.314233661553984,0.0933501760896951,-0.265265649377117,5.72938037743439
23.4186980736679,0.314505016538887,0.0934773190993608,-0.265265649377117,5.72938037743439
23.5530888000591,0.314774978041594,0.0936047647252609,-0.265265649377117,5.72938037743439
23.688250742138,0.315043627186414,0.0937325467895502,-0.265265649377117,5.72938037743439
23.8241883256091,0.315311045098309,0.0938606992136513,-0.265265649377117,5.72938037743439
23.9609060015742,0.315577312901364,0.0939892560206436,-0.265265649377117,5.72938037743439
24.0984082466782,0.315842511720164,0.094118251337397,-0.265265649377117,5.72938037743439
24.2366995632559,0.316106722679184,0.0942477193969883,-0.265265649377117,5.72938037743439
24.3757844794791,0.316370026902957,0.0943776945410903,-0.265265649377117,5.72938037743439
24.5156675495049,0.316632505515966,0.0945082112224387,-0.265265649377117,5.72938037743439
24.6563533536251,0.316894239642712,0.0946393040073641,-0.265265649377117,5.72938037743439
24.797846498416,0.317155310407633,0.0947710075783788,-0.265265649377117,5.72938037743439
24.9401516168892,0.317415798936581,0.0949033567373875,-0.265265649377117,5.72938037743439
25.0832733686432,0.317675779124207,0.0950363831885254,-0.265265649377117,5.72938037743439
25.2272164400162,0.317935300075377,0.0951701077019605,-0.265265649377117,5.72938037743439
25.3719855442395,0.318194405566938,0.0953045487460189,-0.265265649377117,5.72938037743439
25.5175854215919,0.318453139377827,0.0954397248574192,-0.265265649377117,5.72938037743439
25.6640208395545,0.318711545286912,0.0955756546417768,-0.265265649377117,5.72938037743439
25.8112965929673,0.318969667073174,0.0957123567750594,-0.265265649377117,5.72938037743439
25.959417504186,0.319227548515407,0.0958498500050782,-0.265265649377117,5.72938037743439
26.1083884232399,0.319485233392612,0.0959881531529546,-0.265265649377117,5.72938037743439
26.2582142279907,0.319742765483671,0.0961272851146457,-0.265265649377117,5.72938037743439
26.4088998242922,0.320000188567503,0.0962672648624638,-0.265265649377117,5.72938037743439
26.5604501461511,0.320257546423029,0.096408111446616,-0.265265649377117,5.72938037743439
26.7128701558882,0.320514882829123,0.0965498439967657,-0.265265649377117,5.72938037743439
26.8661648443013,0.32077224156476,0.0966924817235931,-0.265265649377117,5.72938037743439
27.0203392308284,0.321029666408747,0.0968360439204182,-0.265265649377117,5.72938037743439
27.1753983637121,0.321287201140091,0.096980549964763,-0.265265649377117,5.72938037743439
27.3313473201648,0.321544889537671,0.0971260193200217,-0.265265649377117,5.72938037743439
27.4881912065351,0.321802775380383,0.0972724715370838,-0.265265649377117,5.72938037743439
27.645935158475,0.322060902447161,0.097419926255998,-0.265265649377117,5.72938037743439
27.8045843411078,0.3223193145169,0.0975684032076642,-0.265265649377117,5.72938037743439
27.9641439491976,0.322578055368524,0.0977179222155251,-0.265265649377117,5.72938037743439
28.124619207319,0.322837168780929,0.097868503197288,-0.265265649377117,5.72938037743439
28.2860153700288,0.323096698533044,0.0980201661666709,-0.265265649377117,5.72938037743439
28.4483377220371,0.323356688403564,0.0981729312348097,-0.265265649377117,5.72938037743439
28.6115915783813,0.323617182160951,0.0983268185936516,-0.265265649377117,5.72938037743439
28.7757822845996,0.323878223609958,0.0984818486026158,-0.265265649377117,5.72938037743439
28.9409152169059,0.324139856431157,0.0986380414976222,-0.265265649377117,5.72938037743439
29.1069957823666,0.324402123052101,0.0987954153245219,-0.265265649377117,5.72938037743439
29.2740294190766,0.324665064947575,0.0989539864724639,-0.265265649377117,5.72938037743439
29.4420215963382,0.324928723563985,0.099113771358919,-0.265265649377117,5.72938037743439
29.6109778148397,0.325193140346892,0.0992747864810951,-0.265265649377117,5.72938037743439
29.7809036068361,0.3254583567419,0.0994370484190065,-0.265265649377117,5.72938037743439
29.9518045363292,0.325724414194701,0.099600573836521,-0.265265649377117,5.72938037743439
30.123686199251,0.32599135415093,0.099765379482697,-0.265265649377117,5.72938037743439
30.296554223646,0.326259218056064,0.0999314821930959,-0.265265649377117,5.72938037743439
30.470414269856,0.326528047355904,0.100098898891052,-0.265265649377117,5.72938037743439
30.6452720307053,0.326797883496019,0.100267646589026,-0.265265649377117,5.72938037743439
30.821133231687,0.327068767922051,0.100437742389907,-0.265265649377117,5.72938037743439
30.9980036311506,0.32734074207962,0.100609203488332,-0.265265649377117,5.72938037743439
31.1758890204904,0.327613847414335,0.100782047172045,-0.265265649377117,5.72938037743439
31.3547952243356,0.327888125371861,0.100956290823201,-0.265265649377117,5.72938037743439
31.5347281007402,0.328163617397787,0.101131951919749,-0.265265649377117,5.72938037743439
31.7156935413755,0.328440364937773,0.101309048036759,-0.265265649377117,5.72938037743439
31.8976974717229,0.328718409437447,0.101487596847808,-0.265265649377117,5.72938037743439
32.0807458512677,0.32899779234237,0.101667616126336,-0.265265649377117,5.72938037743439
32.2648446736941,0.329278555098347,0.101849123747019,-0.265265649377117,5.72938037743439
32.4499999670822,0.329560739150765,0.102032137687179,-0.265265649377117,5.72938037743439
32.6362177941046,0.329844385945481,0.102216676028148,-0.265265649377117,5.72938037743439
32.8235042522251,0.330129536927935,0.102402756956704,-0.265265649377117,5.72938037743439
33.0118654738987,0.330416233543858,0.102590398766437,-0.265265649377117,5.72938037743439
33.2013076267721,0.33070451723892,0.102779619859215,-0.265265649377117,5.72938037743439
33.3918369138855,0.330994429444728,0.102970438742326,-0.265265649377117,5.72938037743439
33.5834595738761,0.331286005901422,0.103162872291501,-0.265265649377117,5.72938037743439
33.7761818811822,0.33157926780319,0.103356933030237,-0.265265649377117,5.72938037743439
33.9700101462487,0.331874234083696,0.103552632878194,-0.265265649377117,5.72938037743439
34.1649507157334,0.332170923675076,0.103749983842128,-0.265265649377117,5.72938037743439
34.3610099727153,0.332469355502168,0.103948998015125,-0.265265649377117,5.72938037743439
34.5581943369034,0.332769548492274,0.104149687580513,-0.265265649377117,5.72938037743439
34.7565102648467,0.333071521572972,0.104352064811985,-0.265265649377117,5.72938037743439
34.9559642501461,0.333375293671865,0.104556142074422,-0.265265649377117,5.72938037743439
35.1565628236665,0.333680883716562,0.104761931824795,-0.265265649377117,5.72938037743439
35.3583125537509,0.333988310634661,0.104969446613064,-0.265265649377117,5.72938037743439
35.5612200464355,0.334297593353724,0.105178699083092,-0.265265649377117,5.72938037743439
35.765291945666,0.334608750801416,0.105389701973541,-0.265265649377117,5.72938037743439
35.9705349335149,0.334921801905122,0.105602468118855,-0.265265649377117,5.72938037743439
36.1769557304008,0.335236765592688,0.105817010450086,-0.265265649377117,5.72938037743439
36.3845610953078,0.335553660791555,0.106033341995967,-0.265265649377117,5.72938037743439
36.5933578260074,0.335872506429205,0.106251475883772,-0.265265649377117,5.72938037743439
36.8033527592808,0.336193321433525,0.106471425340265,-0.265265649377117,5.72938037743439
37.0145527711429,0.336516124731886,0.10669320369275,-0.265265649377117,5.72938037743439
37.226964777067,0.336840935251952,0.106916824369956,-0.265265649377117,5.72938037743439
37.440595732212,0.337167771921087,0.107142300902996,-0.265265649377117,5.72938037743439
37.6554526316495,0.33749665366706,0.107369646926609,-0.265265649377117,5.72938037743439
37.8715425105932,0.33782759941779,0.107598876180003,-0.265265649377117,5.72938037743439
38.088872444629,0.338160628100692,0.107830002507623,-0.265265649377117,5.72938037743439
38.3074495499469,0.338495758630878,0.108063039854977,-0.265265649377117,5.72938037743439
38.5272809835738,0.338833010203389,0.108298002397216,-0.265265649377117,5.72938037743439
38.7483739436083,0.339172399281604,0.108534903225626,-0.265265649377117,5.72938037743439
38.9707356694557,0.339513926423586,0.108773748576797,-0.265265649377117,5.72938037743439
39.1943734420656,0.339857580917273,0.109014539809994,-0.265265649377117,5.72938037743439
39.41929458417,0.340203352278417,0.109257278413548,-0.265265649377117,5.72938037743439
39.6455064605233,0.340551229979061,0.109501965885874,-0.265265649377117,5.72938037743439
39.8730164781432,0.340901203495676,0.109748603755742,-0.265265649377117,5.72938037743439
40.1018320865536,0.341253262304749,0.109997193580095,-0.265265649377117,5.72938037743439
40.3319607780282,0.341607395883121,0.110247736943191,-0.265265649377117,5.72938037743439
40.5634100878357,0.341963593707579,0.110500235456101,-0.265265649377117,5.72938037743439
40.796187594487,0.342321845254704,0.110754690756108,-0.265265649377117,5.72938037743439
41.0303009199831,0.342682140001399,0.111011104506088,-0.265265649377117,5.72938037743439
41.2657577300646,0.343044467424208,0.111269478393986,-0.265265649377117,5.72938037743439
41.5025657344627,0.343408816999928,0.111529814132168,-0.265265649377117,5.72938037743439
41.7407326871518,0.343775178205207,0.111792113456878,-0.265265649377117,5.72938037743439
41.9802663866035,0.344143540516887,0.112056378127614,-0.265265649377117,5.72938037743439
42.2211746760415,0.344513893411491,0.112322609926575,-0.265265649377117,5.72938037743439
42.4634654436988,0.344886226366069,0.112590810658005,-0.265265649377117,5.72938037743439
42.7071466230759,0.345260528856905,0.112860982147739,-0.265265649377117,5.72938037743439
42.9522261932004,0.345636790360985,0.113133126242403,-0.265265649377117,5.72938037743439
43.1987121788887,0.346015000355126,0.113407244809019,-0.265265649377117,5.72938037743439
43.4466126510081,0.346395148311925,0.113683339731554,-0.265265649377117,5.72938037743439
43.6959357267419,0.346777223691147,0.113961412903964,-0.265265649377117,5.72938037743439
43.9466895698542,0.347161215985835,0.114241466261841,-0.265265649377117,5.72938037743439
44.1988823909582,0.347547114694271,0.114523501762435,-0.265265649377117,5.72938037743439
44.4525224477844,0.347934909314735,0.114807521380424,-0.265265649377117,5.72938037743439
44.7076180454512,0.348324589308716,0.115093527081534,-0.265265649377117,5.72938037743439
44.9641775367367,0.348716142513711,0.115381519707059,-0.265265649377117,5.72938037743439
45.2222093223525,0.349109554088401,0.115671498218208,-0.265265649377117,5.72938037743439
45.4817218512184,0.349504808750261,0.115963461252938,-0.265265649377117,5.72938037743439
45.7427236207396,0.349901891233779,0.116257407445144,-0.265265649377117,5.72938037743439
46.005223177084,0.350300786273289,0.116553335411829,-0.265265649377117,5.72938037743439
46.2692291154632,0.350701478603753,0.116851243751721,-0.265265649377117,5.72938037743439
46.5347500804131,0.351103952959711,0.117151131044219,-0.265265649377117,5.72938037743439
46.8017947660769,0.351508194075733,0.117452995848187,-0.265265649377117,5.72938037743439
47.0703719164907,0.351914186686517,0.117756836700772,-0.265265649377117,5.72938037743439
47.3404903258686,0.352321915526596,0.118062652116278,-0.265265649377117,5.72938037743439
47.6121588388917,0.352731365330617,0.118370440584954,-0.265265649377117,5.72938037743439
47.885386350997,0.353142520833271,0.11868020057182,-0.265265649377117,5.72938037743439
48.1601818086689,0.35355536676917,0.118991930515502,-0.265265649377117,5.72938037743439
48.4365542097323,0.353969887872856,0.119305628827047,-0.265265649377117,5.72938037743439
48.7145126036471,0.354386068879244,0.11962129388866,-0.265265649377117,5.72938037743439
48.9940660918045,0.354803894522306,0.119938924052706,-0.265265649377117,5.72938037743439
49.2752238278249,0.355223349537303,0.120258517640177,-0.265265649377117,5.72938037743439
49.5579950178577,0.355644418658685,0.12058007293982,-0.265265649377117,5.72938037743439
49.842388920883,0.356067086620867,0.120903588206678,-0.265265649377117,5.72938037743439
50.1284148490144,0.356491338159165,0.121229061661232,-0.265265649377117,5.72938037743439
50.4160821678042,0.356917158007156,0.121556491487428,-0.265265649377117,5.72938037743439
50.7054002965497,0.357344530896977,0.121885875831438,-0.265265649377117,5.72938037743439
50.9963787086021,0.357773441571646,0.122217212804333,-0.265265649377117,5.72938037743439
51.2890269316763,0.35820387477333,0.122550500477254,-0.265265649377117,5.72938037743439
51.5833545481631,0.358635814830709,0.122885736750839,-0.265265649377117,5.72938037743439
51.8793711954428,0.359069248423847,0.123222920220401,-0.265265649377117,5.72938037743439
52.1770865662009,0.359504167657559,0.123562051145348,-0.265265649377117,5.72938037743439
52.4765104087455,0.359940568249165,0.123903130889773,-0.265265649377117,5.72938037743439
52.7776525273263,0.360378446195052,0.124246160878612,-0.265265649377117,5.72938037743439
53.0805227824557,0.360817797346357,0.124591142464023,-0.265265649377117,5.72938037743439
53.3851310912318,0.361258617546432,0.124938076967447,-0.265265649377117,5.72938037743439
53.6914874276631,0.361700902638009,0.125286965680008,-0.265265649377117,5.72938037743439
53.999601822995,0.362144648464684,0.125637809862558,-0.265265649377117,5.72938037743439
54.3094843660382,0.36258985086977,0.125990610744207,-0.265265649377117,5.72938037743439
54.6211452034991,0.363036505697672,0.126345369521591,-0.265265649377117,5.72938037743439
54.9345945403123,0.363484608794032,0.126702087357833,-0.265265649377117,5.72938037743439
55.2498426399741,0.363934155988529,0.127060765375473,-0.265265649377117,5.72938037743439
55.5668998248795,0.364385143184681,0.127421404686505,-0.265265649377117,5.72938037743439
55.8857764766593,0.364837566262949,0.127784006357895,-0.265265649377117,5.72938037743439
56.2064830365205,0.365291420959105,0.128148571368019,-0.265265649377117,5.72938037743439
56.5290300055882,0.365746702996575,0.128515100651233,-0.265265649377117,5.72938037743439
56.8534279452492,0.366203408100997,0.12888359510178,-0.265265649377117,5.72938037743439
57.1796874774981,0.366661532188213,0.129254055638271,-0.265265649377117,5.72938037743439
57.5078192852848,0.367121071507626,0.129626483253199,-0.265265649377117,5.72938037743439
57.8378341128645,0.367582022342394,0.130000878907701,-0.265265649377117,5.72938037743439
58.1697427661497,0.368044380944897,0.130377243507859,-0.265265649377117,5.72938037743439
58.5035561130634,0.368508142893992,0.130755577677589,-0.265265649377117,5.72938037743439
58.8392850838956,0.368973303113553,0.131135881762061,-0.265265649377117,5.72938037743439
59.176940671661,0.369439856500383,0.131518156045969,-0.265265649377117,5.72938037743439
59.5165339324587,0.369907797951289,0.131902400761778,-0.265265649377117,5.72938037743439
59.8580759858346,0.370377122363076,0.132288616088485,-0.265265649377117,5.72938037743439
60.2015780151452,0.370847823425225,0.132676801722654,-0.265265649377117,5.72938037743439
60.5470512679239,0.371319878665704,0.133066951567201,-0.265265649377117,5.72938037743439
60.8945070562493,0.371793262996318,0.133459058497202,-0.265265649377117,5.72938037743439
61.2439567571157,0.372267954259325,0.133853116325209,-0.265265649377117,5.72938037743439
61.5954118128054,0.372743929861054,0.134249118607649,-0.265265649377117,5.72938037743439
61.9488837312635,0.373221166948903,0.134647058705061,-0.265265649377117,5.72938037743439
62.3043840864745,0.373699642672099,0.135046929872921,-0.265265649377117,5.72938037743439
62.6619245188418,0.374179334257614,0.135448725287137,-0.265265649377117,5.72938037743439
63.0215167355683,0.374660218991891,0.135852438035996,-0.265265649377117,5.72938037743439
63.3831725110399,0.375142274161752,0.136258061097369,-0.265265649377117,5.72938037743439
63.7469036872113,0.375625477018419,0.136665587323978,-0.265265649377117,5.72938037743439
64.1127221739934,0.376109804808715,0.137075009452942,-0.265265649377117,5.72938037743439
64.4806399496432,0.376595234787374,0.137486320108247,-0.265265649377117,5.72938037743439
64.8506690611567,0.377081744209061,0.137899511796344,-0.265265649377117,5.72938037743439
65.2228216246626,0.377569310328408,0.138314576904358,-0.265265649377117,5.72938037743439
65.5971098258192,0.378057910400086,0.138731507698296,-0.265265649377117,5.72938037743439
65.9735459202137,0.378547521678978,0.139150296321249,-0.265265649377117,5.72938037743439
66.3521422337633,0.37903812141951,0.139570934791812,-0.265265649377117,5.72938037743439
66.7329111631187,0.379529686876489,0.139993415002134,-0.265265649377117,5.72938037743439
67.1158651760702,0.380022195304562,0.140417728716167,-0.265265649377117,5.72938037743439
67.5010168119559,0.380515623958563,0.140843867568023,-0.265265649377117,5.72938037743439
67.8883786820721,0.381009950092839,0.141271823059973,-0.265265649377117,5.72938037743439
68.2779634700866,0.381505150962525,0.141701586560935,-0.265265649377117,5.72938037743439
68.6697839324536,0.382001203814807,0.142133149303211,-0.265265649377117,5.72938037743439
69.0638528988317,0.382498085930381,0.142566502387713,-0.265265649377117,5.72938037743439
69.4601832725037,0.382995773427526,0.143001636581323,-0.265265649377117,5.72938037743439
69.8587880307996,0.383494236672107,0.143438541546084,-0.265265649377117,5.72938037743439
70.2596802255209,0.383993444093315,0.143877206479644,-0.265265649377117,5.72938037743439
70.6628729833685,0.384493364123292,0.144317620439686,-0.265265649377117,5.72938037743439
71.0683795063721,0.384993965195665,0.144759772341519,-0.265265649377117,5.72938037743439
71.4762130723228,0.385495215742557,0.145203650956548,-0.265265649377117,5.72938037743439
71.8863870352078,0.385997084197263,0.145649244910336,-0.265265649377117,5.72938037743439
72.2989148256473,0.386499538992294,0.146096542681501,-0.265265649377117,5.72938037743439
72.713809951335,0.387002548560274,0.146545532599451,-0.265265649377117,5.72938037743439
73.1310859974795,0.387506081334308,0.146996202842957,-0.265265649377117,5.72938037743439
73.5507566272499,0.38801010574688,0.147448541438508,-0.265265649377117,5.72938037743439
73.9728355822228,0.388514590231546,0.147902536258512,-0.265265649377117,5.72938037743439
74.3973366828322,0.389019503220174,0.148358175019965,-0.265265649377117,5.72938037743439
74.8242738288224,0.389524813145919,0.148815445282257,-0.265265649377117,5.72938037743439
75.2536609997026,0.390030488441671,0.149274334445851,-0.265265649377117,5.72938037743439
75.6855122552051,0.390536497540299,0.149734829750524,-0.265265649377117,5.72938037743439
76.1198417357455,0.391042808874246,0.15019691827378,-0.265265649377117,5.72938037743439
76.5566636628856,0.391549390876604,0.150660586928967,-0.265265649377117,5.72938037743439
76.9959923397991,0.392056211980138,0.151125822463746,-0.265265649377117,5.72938037743439
77.4378421517403,0.392563240617211,0.151592611458554,-0.265265649377117,5.72938037743439
77.8822275665146,0.393070445221722,0.152060940324339,-0.265265649377117,5.72938037743439
78.3291631349524,0.393577794225165,0.15253079530193,-0.265265649377117,5.72938037743439
78.7786634913859,0.394085256061127,0.153002162459265,-0.265265649377117,5.72938037743439
79.2307433541277,0.394592799162123,0.153475027690416,-0.265265649377117,5.72938037743439
79.6854175259532,0.395100391985851,0.153949376727695,-0.265265649377117,5.72938037743439
80.1427008945851,0.395608003362952,0.154425195336708,-0.265265649377117,5.72938037743439
80.6026084331808,0.396115616388252,0.154902477181023,-0.265265649377117,5.72938037743439
81.0651552008229,0.396623229494143,0.155381224526335,-0.265265649377117,5.72938037743439
81.5303563430121,0.397130842058709,0.155861440157937,-0.265265649377117,5.72938037743439
81.9982270921632,0.397638453433375,0.156343126832844,-0.265265649377117,5.72938037743439
82.4687827681039,0.398146062969936,0.156826287294275,-0.265265649377117,5.72938037743439
82.9420387785765,0.398653670019873,0.157310924271563,-0.265265649377117,5.72938037743439
83.4180106197419,0.399161273935013,0.157797040479699,-0.265265649377117,5.72938037743439
83.8967138766878,0.399668874066819,0.158284638619245,-0.265265649377117,5.72938037743439
84.3781642239383,0.400176469767101,0.158773721375913,-0.265265649377117,5.72938037743439
84.8623774259678,0.400684060387278,0.159264291420478,-0.265265649377117,5.72938037743439
85.3493693377165,0.401191645279184,0.159756351408274,-0.265265649377117,5.72938037743439
85.83915590511,0.401699223794435,0.160249903979117,-0.265265649377117,5.72938037743439
86.3317531655814,0.402206795285183,0.160744951756565,-0.265265649377117,5.72938037743439
86.8271772485963,0.402714359102673,0.161241497348656,-0.265265649377117,5.72938037743439
87.3254443761809,0.403221914597731,0.161739543347429,-0.265265649377117,5.72938037743439
87.8265708634533,0.403729461121209,0.16223909232821,-0.265265649377117,5.72938037743439
88.3305731191577,0.404236998026952,0.162740146846947,-0.265265649377117,5.72938037743439
88.8374676462016,0.40474452461987,0.163242709481243,-0.265265649377117,5.72938037743439
89.3472710421962,0.405252040371349,0.163746782658596,-0.265265649377117,5.72938037743439
89.86,0.405759544553283,0.164252368947331,-0.265265649377117,5.72938037743439
