"age","Valence_1_p025","Valence_1_p10","Valence_1_p25","Valence_1_p50","Valence_1_p75","Valence_1_p90","Valence_1_p975","Valence_1_mu","Valence_1_sigma"
5.17,-0.281005480387517,-0.0951502351852682,0.0711580743111678,0.255938680324716,0.440719286338263,0.607027595834699,0.792882841036948,0.255938680324716,0.273956136412495
5.19966860297942,-0.284365743224542,-0.0986747931000333,0.0674865007089633,0.252103761620268,0.436721022531573,0.602882316340569,0.788573266465078,0.252103761620268,0.273713960601528
5.22950746243906,-0.287723760517547,-0.102196960112406,0.0638174480797628,0.248271508406717,0.432725568733671,0.59873997692584,0.784266777330981,0.248271508406717,0.273471999053108
5.25951755541411,-0.291079175854849,-0.105716379926612,0.0601512726156199,0.244442276760876,0.428733280906131,0.594600933448363,0.7799637293766,0.244442276760876,0.273230251596381
5.28969986454658,-0.294431591288458,-0.109232654708195,0.0564883720493999,0.240616464302733,0.424744556556066,0.590465583313661,0.775664519893924,0.240616464302733,0.272988718063996
5.32005537811748,-0.297780591818566,-0.112745369570321,0.0528291611668432,0.236794485705709,0.420759810244575,0.586334340981739,0.771369563229984,0.236794485705709,0.272747398289425
5.35058509007916,-0.301125763322609,-0.11625411050359,0.0491740538760887,0.232976754765432,0.416779455654775,0.582207620034454,0.767079272853473,0.232976754765432,0.272506292105862
5.38129000008789,-0.304466691682907,-0.119758463503426,0.0455234640805018,0.229163685272817,0.412803906465132,0.57808583404906,0.76279406222854,0.229163685272817,0.272265399346586
5.41217111353658,-0.307802962781951,-0.123258014565368,0.0418778056833883,0.225355691018778,0.408833576354167,0.573969396602924,0.758514344819507,0.225355691018778,0.272024719844965
5.44322944158769,-0.311134162502409,-0.126752349685067,0.0382374925879948,0.221553185794229,0.404868879000462,0.569858721273524,0.754240534090866,0.221553185794229,0.271784253434455
5.47446600120632,-0.314459876727117,-0.130241054858287,0.0346029386975083,0.217756583390084,0.40091022808266,0.565754221638455,0.749973043507285,0.217756583390084,0.2715439999486
5.50588181519358,-0.317779691339088,-0.133723716080904,0.0309745579150565,0.213966297597258,0.39695803727946,0.56165631127542,0.745712286533605,0.213966297597258,0.271303959221032
5.53747791222,-0.321093192338491,-0.137199919465898,0.0273527640267155,0.210182742089671,0.393012720152627,0.55756540364524,0.741458676517833,0.210182742089671,0.271064131085469
5.56925532685926,-0.324399994478369,-0.140669279879768,0.0237379420644621,0.206406301786498,0.389074661508534,0.553481883452764,0.737212598051365,0.206406301786498,0.27082451537467
5.60121509962204,-0.327699778721673,-0.14413147840049,0.0201304108473933,0.202637295392477,0.385144179937561,0.549406069185444,0.732974369506627,0.202637295392477,0.270585111919087
5.63335827699013,-0.330992235318156,-0.147586205393,0.0165304799075029,0.198876032325084,0.381221584742665,0.545338270043168,0.728744299968323,0.198876032325084,0.270345920548935
5.66568591145064,-0.334277035611334,-0.151033132315465,0.0129384776840345,0.195122840909576,0.377307204135118,0.541278814134617,0.724522717430487,0.195122840909576,0.270106941095219
5.69819906153051,-0.337553691766672,-0.154471771444002,0.00935489180185137,0.191378208660802,0.373401525519753,0.537228188765606,0.720310109088276,0.191378208660802,0.269868173394828
5.73089879183114,-0.340821636214888,-0.157901555317969,0.00578028962438579,0.187642702834184,0.369505116043982,0.533186960986337,0.716107041883255,0.187642702834184,0.269629617287629
5.76378617306326,-0.344080300791457,-0.161321915881417,0.0022152391104289,0.183916891280565,0.365618543450701,0.529155698442547,0.711914083352587,0.183916891280565,0.269391272613577
5.796862282082,-0.347329117331991,-0.164732285078486,-0.00133969178127463,0.180201341850787,0.36174237548285,0.525134968780061,0.707731801033566,0.180201341850787,0.269153139212695
5.83012820192213,-0.350567517672234,-0.168132094853405,-0.00488393509202659,0.176496622395694,0.357877179883415,0.521125339644794,0.703560762463623,0.176496622395694,0.268915216925078
5.86358502183353,-0.353794933648067,-0.17152077715049,-0.0084169228631748,0.172803300766128,0.354023524395431,0.517127378682746,0.699401535180323,0.172803300766128,0.268677505590886
5.89723383731687,-0.357010797095504,-0.174897763914144,-0.0119380871361134,0.169121944812932,0.350181976761977,0.513141653540008,0.695254686721367,0.169121944812932,0.26844000505035
5.93107575015945,-0.360214353503644,-0.178262300737238,-0.0154466735965676,0.165453308747211,0.346353291090989,0.509168918231659,0.691120970998065,0.165453308747211,0.26820271515051
5.96511186847132,-0.363404071175054,-0.181612856007022,-0.0189411507075666,0.161798924021741,0.342538998751048,0.505210704050503,0.687001919218535,0.161798924021741,0.267965635766539
5.99934330672151,-0.366578871841223,-0.184948351550813,-0.0224204403821767,0.158159868628181,0.338740177638539,0.501268088807175,0.682898609097586,0.158159868628181,0.267728766757184
6.03377118577458,-0.36973769756136,-0.188267729524143,-0.0258834848621226,0.154537200229042,0.334957885320206,0.497342129982226,0.678812098019444,0.154537200229042,0.267492107980461
6.06839663292727,-0.372879487616372,-0.19156992930417,-0.0293292236106892,0.150931979265343,0.331193182141376,0.493433887834856,0.674743446147059,0.150931979265343,0.267255659294494
6.10322078194544,-0.376003184092795,-0.194853893073744,-0.0327565988969117,0.147345263372293,0.327447125641498,0.48954441981833,0.670693710837381,0.147345263372293,0.267019420557313
6.1382447731012,-0.379107729073826,-0.198118563012371,-0.0361645529864763,0.143778110188453,0.323720773363382,0.485674783389277,0.666663949450732,0.143778110188453,0.266783391626956
6.17346975321022,-0.382192064780864,-0.201362881437759,-0.0395520282832682,0.140231577214187,0.320015182711642,0.481826035866133,0.662655219209238,0.140231577214187,0.266547572361463
6.2088968756693,-0.385255133402266,-0.204585790634564,-0.0429179671581181,0.13670672198292,0.316331411123958,0.477999234600404,0.658668577368106,0.13670672198292,0.266311962618882
6.24452730049414,-0.388295877108527,-0.207786232869577,-0.0462613119639844,0.133204602045955,0.312670516055895,0.474195436961488,0.654705081200438,0.133204602045955,0.266076562257272
6.28036219435729,-0.391313238072948,-0.21096315041239,-0.0495810050566206,0.129726274951806,0.309033554960232,0.470415700316002,0.65076578797656,0.129726274951806,0.265841371134698
6.31640273062641,-0.394306158473265,-0.214115485537021,-0.0528759887962038,0.126272798244567,0.305421585285338,0.466661082026156,0.646851754962399,0.126272798244567,0.265606389109235
6.35265008940263,-0.397273580487618,-0.217242180517891,-0.0561452055433072,0.122845229467945,0.301835664479197,0.462932639453781,0.642964039423508,0.122845229467945,0.265371616038965
6.38910545755924,-0.400214446294158,-0.220342177629422,-0.0593875976584992,0.119444626165654,0.298276849989807,0.459231429960731,0.639103698625466,0.119444626165654,0.26513705178198
6.42577002878051,-0.40312769806991,-0.223414419144905,-0.0626021075012128,0.116072045882553,0.294746199266318,0.455558510910011,0.635271789835015,0.116072045882553,0.264902696196381
6.46264500360081,-0.406012277991402,-0.226457847337129,-0.0657876774303728,0.112728546164013,0.291244769758398,0.451914939665154,0.631469370319427,0.112728546164013,0.264668549140278
6.4997315894439,-0.408867128235732,-0.229471404479445,-0.0689432498054614,0.109415184554855,0.28777361891517,0.448301773589154,0.627697497345441,0.109415184554855,0.26443461047179
6.53703100066247,-0.411691190980224,-0.232454032845422,-0.0720677669861716,0.106133018599695,0.284333804185561,0.444720070044812,0.623957228179613,0.106133018599695,0.264200880049047
6.57454445857791,-0.414483408413822,-0.235404674720248,-0.0751601713438086,0.102883105831545,0.280926383006899,0.441170886383338,0.620249620076912,0.102883105831545,0.263967357730187
6.61227319152028,-0.417242722484499,-0.238322272148128,-0.0782194050086916,0.0996665040244076,0.277552413057507,0.437655280196943,0.616575730533315,0.0996665040244076,0.263734043373358
6.65021843486858,-0.419968078182169,-0.24120577021519,-0.0812444131530445,0.0964842679104,0.274212948973844,0.43417430603599,0.612936614002969,0.0964842679104,0.263500936836737
6.68838143109112,-0.4226584109626,-0.244054104473451,-0.0842341314150083,0.0933374617556911,0.270909054926391,0.430729027984833,0.609333334473982,0.0933374617556911,0.263268037978453
6.72676342978627,-0.425312663708675,-0.246866217902002,-0.0871875028597646,0.0902271423994466,0.267641787658658,0.427320502700896,0.605766948507569,0.0902271423994466,0.263035346656691
6.76536568772337,-0.427929925101594,-0.249641199277659,-0.0901036163496886,0.0871542208842276,0.264412058118144,0.423949641046114,0.602238366870049,0.0871542208842276,0.262802862730509
6.80418946888385,-0.430509660263782,-0.252378513816949,-0.0929819371855117,0.0841192318157465,0.261220400817005,0.420616977448442,0.598748123895275,0.0841192318157465,0.262570586061201
6.84323604450262,-0.433051430134475,-0.255077722552822,-0.0958220264840436,0.0811226139840195,0.258067254452083,0.417322950520861,0.595296658102513,0.0811226139840195,0.262338516510626
6.88250669310974,-0.435554791140119,-0.257738382005461,-0.0986234408493438,0.0781648106917939,0.254953062232932,0.414068003389049,0.591884412523707,0.0781648106917939,0.262106653940617
6.92200270057223,-0.438019299629027,-0.260360048616914,-0.101385736807338,0.0752462653199504,0.251878267447238,0.410852579256815,0.588511830268928,0.0752462653199504,0.261874998213003
6.9617253601362,-0.440444511955588,-0.262942278835306,-0.104108470890029,0.0723674212432905,0.24884331337661,0.407677121321887,0.585179354442169,0.0723674212432905,0.261643549189614
7.00167597246921,-0.442829984474094,-0.265484629108667,-0.106791199629326,0.0695287218367097,0.245848643302746,0.404542072782087,0.581887428147513,0.0695287218367097,0.261412306732279
7.04185584570281,-0.445175273538546,-0.267986655884737,-0.109433479556848,0.0667306104753954,0.242894700507638,0.401447876835528,0.578636494489337,0.0667306104753954,0.261181270702824
7.08226629547544,-0.447479935503045,-0.270447915611352,-0.112034867204309,0.0639735305344354,0.23998192827318,0.398394976680223,0.575426996571915,0.0639735305344354,0.260950440963079
7.12290864497543,-0.449743526721673,-0.272867964736335,-0.114594919103411,0.0612579253889333,0.237110769881278,0.395383815514201,0.57225937749954,0.0612579253889333,0.260719817374871
7.16378422498442,-0.451965603548518,-0.275246359707508,-0.117113191785857,0.0585842384139903,0.234281668613838,0.392414836535489,0.569134080376499,0.0585842384139903,0.260489399800027
7.20489437392084,-0.454145722337681,-0.277582656972711,-0.119589241783364,0.0559529129846944,0.231495067752753,0.3894884829421,0.56605154830707,0.0559529129846944,0.260259188100378
7.2462404378838,-0.456283439443244,-0.279876412979764,-0.12202262562763,0.0533643924761525,0.228751410579935,0.386605197932069,0.563012224395549,0.0533643924761525,0.260029182137751
7.28782377069714,-0.458378311219293,-0.282127184176486,-0.124412899850354,0.0508191202634716,0.226051140377297,0.38376542470343,0.560016551746236,0.0508191202634716,0.259799381773976
7.32964573395378,-0.460429894019927,-0.284334527010716,-0.126759620983248,0.0483175397217449,0.223394700426738,0.380969606454205,0.557064973463416,0.0483175397217449,0.259569786870885
7.37170769706025,-0.462437744199241,-0.286497997930281,-0.129062345558019,0.0458600942260739,0.220782534010167,0.378218186382429,0.554157932651389,0.0458600942260739,0.259340397290309
7.41401103728161,-0.464401418111335,-0.288617153383014,-0.131320630106375,0.0434472271515597,0.218215084409494,0.375511607686133,0.551295872414454,0.0434472271515597,0.259111212894084
7.45655713978647,-0.46632047211031,-0.290691549816749,-0.133534031160023,0.041079381873303,0.215692794906629,0.372850313563355,0.548479235856916,0.041079381873303,0.258882233544044
7.4993473976924,-0.468194462550275,-0.292720743679327,-0.135702105250677,0.0387570017664012,0.213216108783479,0.37023474721213,0.545708466083077,0.0387570017664012,0.258653459102027
7.54238321211153,-0.470022945785369,-0.294704291418617,-0.137824408910079,0.0364805302059259,0.21078546932193,0.367665351830469,0.542984006197221,0.0364805302059259,0.258424889429872
7.5856659921964,-0.47180547816832,-0.296641749481074,-0.139900498668553,0.0342504105683652,0.208401319805283,0.365142570617804,0.540306299305051,0.0342504105683652,0.258196524389423
7.62919715518614,-0.47354161605712,-0.298532674318415,-0.141929931061686,0.0320670862249492,0.206064103511584,0.362666846768313,0.537675788507018,0.0320670862249492,0.257968363842523
7.67297812645286,-0.475230915843227,-0.300376622415824,-0.143912262658528,0.0299310005134452,0.203774263685418,0.360238623442714,0.535092916870117,0.0299310005134452,0.257740407651021
7.71701033954831,-0.476872934043344,-0.302173150383724,-0.145847050153367,0.0278425966463858,0.201532243446139,0.357858343676496,0.532558127336116,0.0278425966463858,0.257512655676768
7.76129523625085,-0.478467226043465,-0.303921813701837,-0.147733849109793,0.0258023189669975,0.199338487043788,0.355526451635832,0.53007186397746,0.0258023189669975,0.25728510778161
7.80583426661263,-0.480013367134474,-0.305622187754633,-0.149572234996022,0.0238105919140166,0.197193418824055,0.353243371582666,0.527634550962508,0.0238105919140166,0.257057763827596
7.85062888900708,-0.481511151742313,-0.307274067060134,-0.151362002412469,0.0218676207954822,0.195097244003433,0.351009308651098,0.525246393333278,0.0218676207954822,0.256830623678998
7.89568057017665,-0.482960527366981,-0.308877399209368,-0.153103099031621,0.0199734578484027,0.193050014728426,0.348824314906174,0.522907443063787,0.0199734578484027,0.256603687201634
7.94099078528089,-0.484361444496452,-0.310432134781329,-0.154795475513914,0.0181281523218504,0.191051780157615,0.34668843942503,0.520617749140153,0.0181281523218504,0.256376954261342
7.98656101794466,-0.485713853548109,-0.311938224284422,-0.156439082449207,0.0163317535354704,0.189102589520148,0.344601731355363,0.51837736061905,0.0163317535354704,0.25615042472395
8.03239276030681,-0.487017704945464,-0.31339561823319,-0.158033870433498,0.0145843108027588,0.187202492039015,0.342564239838708,0.516186326550982,0.0145843108027588,0.255924098455276
8.07848751306896,-0.48827294910657,-0.314804267136724,-0.159579790057339,0.0128858734426531,0.185351536942645,0.34057601402203,0.514044695991877,0.0128858734426531,0.255697975321129
8.12484678554468,-0.489479536452893,-0.316164121507531,-0.161076791914706,0.011236490770661,0.183549773456028,0.338637103048853,0.511952517994214,0.011236490770661,0.255472055187308
8.17147209570888,-0.490637417405434,-0.317475131857663,-0.162524826599125,0.00963621210273502,0.181797250804595,0.336747556063133,0.509909841610904,0.00963621210273502,0.255246337919607
8.21836497024756,-0.491746542385055,-0.318737248699035,-0.163923844703988,0.00808508675495418,0.180094018213896,0.334907422208944,0.507916715894963,0.00808508675495418,0.255020823383806
8.26552694460776,-0.492806861812911,-0.319950422543863,-0.165273796822994,0.00658316404308621,0.178440124909166,0.333116750630035,0.505973189899083,0.00658316404308621,0.254795511445681
8.31295956304785,-0.493818326109868,-0.321114603904079,-0.166574633549563,0.00513049328317128,0.176835620115905,0.331375590470421,0.50407931267621,0.00513049328317128,0.254570401970997
8.36066437868809,-0.494780885696671,-0.322229743291498,-0.167826305477003,0.00372712379135727,0.175280553059718,0.329683990874212,0.502235133279386,0.00372712379135727,0.254345494825515
8.40864295356149,-0.495694490994312,-0.323295791218188,-0.16902876319888,0.00237310488352974,0.173774972965939,0.328042000985248,0.500440700761371,0.00237310488352974,0.254120789874985
8.45689685866496,-0.49655909242365,-0.32431269819609,-0.170181957308636,0.00106848587569167,0.172318929060019,0.326449669947473,0.498696064175034,0.00106848587569167,0.253896286985151
8.50542767401073,-0.497374640405551,-0.325280414737154,-0.171285838399726,-0.000186683916171881,0.170912470567382,0.32490704690481,0.497001272573207,-0.000186683916171881,0.25367198602175
8.55423698867811,-0.498141085360869,-0.326198891353327,-0.172340357065609,-0.0013923551760816,0.169555646713446,0.323414181001164,0.495356375008706,-0.0013923551760816,0.253447886850513
8.60332640086553,-0.498858377710454,-0.327068078556551,-0.17334546389974,-0.00254847858806223,0.168248506723615,0.321971121380427,0.49376142053433,-0.00254847858806223,0.253223989337162
8.65269751794283,-0.499526467875106,-0.327887926858727,-0.174301109495538,-0.00365500483610426,0.166991099823329,0.320577917186519,0.492216458202897,-0.00365500483610426,0.253000293347415
8.70235195650393,-0.50014530627563,-0.328658386771762,-0.175207244446431,-0.0047118846042134,0.165783475238004,0.319234617563335,0.490721537067203,-0.0047118846042134,0.252776798746983
8.75229134241973,-0.500714843332848,-0.329379408807586,-0.176063819345876,-0.00571906857642492,0.164625682193026,0.317941271654736,0.489276706179998,-0.00571906857642492,0.252553505401572
8.80251731089138,-0.501235029467555,-0.330050943478105,-0.176870784787306,-0.00667650743675742,0.163517769913791,0.31669792860459,0.48788201459404,-0.00667650743675742,0.252330413176881
8.85303150650382,-0.501705815100506,-0.330672941295189,-0.177628091364123,-0.00758415186920075,0.162459787625721,0.315504637556787,0.486537511362105,-0.00758415186920075,0.252107521938604
8.9038355832796,-0.502127150655325,-0.331245352773578,-0.178335689672603,-0.00844195256062138,0.16145178455136,0.314361447652335,0.485243245534082,-0.00844195256062138,0.251884831552431
8.95493120473305,-0.502498986530778,-0.331768128403161,-0.178993530284172,-0.00924986017304128,0.16049380993809,0.313268408057079,0.483999266184695,-0.00924986017304128,0.251662341884046
9.00632004392478,-0.502821267672239,-0.332241213220454,-0.179601558316902,-0.0100078199151447,0.159585918486613,0.312225573390164,0.482805627841949,-0.0100078199151447,0.251440052799104
9.05800378351642,-0.503094199550987,-0.332664812787093,-0.180159979413284,-0.0107160375192591,0.158727904374765,0.311232737748575,0.481662124512468,-0.0107160375192591,0.251217964164415
9.10998411582575,-0.503318480047876,-0.333039625072811,-0.180669491622583,-0.0113752111230156,0.157919069376551,0.31028920282678,0.480568057801844,-0.0113752111230156,0.250996075848968
9.16226274288208,-0.503494906847576,-0.33336644785087,-0.181130892797331,-0.0119861386670232,0.157158615463284,0.309394170516823,0.47952262951353,-0.0119861386670232,0.250774387722178
9.21484137648203,-0.50362427091019,-0.33364607216999,-0.181544974065551,-0.0125496113674136,0.156445751330724,0.308546849435163,0.478525048175362,-0.0125496113674136,0.250552899653417
9.2677217382455,-0.503707363237309,-0.333879289120398,-0.18191252659678,-0.0130664204818437,0.155779685633093,0.30774644815671,0.477574522273621,-0.0130664204818437,0.250331611512037
9.32090555967215,-0.503744974831191,-0.334066889792994,-0.182234341561239,-0.0135373572686651,0.155159627023909,0.306992175255663,0.47667026029386,-0.0135373572686651,0.250110523167375
9.37439458219798,-0.503737896694232,-0.334209665278828,-0.182511210129309,-0.0139632129864009,0.154584784156507,0.306283239306027,0.47581147072143,-0.0139632129864009,0.249889634488751
9.42819055725246,-0.503686919828817,-0.334308406668952,-0.18274392347138,-0.0143447788935935,0.154054365684193,0.305618848881765,0.47499736204163,-0.0143447788935935,0.249668945345472
9.48229524631579,-0.503592835237286,-0.334363905054381,-0.182933272757817,-0.0146828462487711,0.153567580260275,0.304998212556838,0.474227142739744,-0.0146828462487711,0.249448455606825
9.53671042097664,-0.503456433921995,-0.334376951526155,-0.183080049159021,-0.0149782063105078,0.153123636538005,0.30442053890514,0.47350002130098,-0.0149782063105078,0.249228165142085
9.59143786299011,-0.503278506885235,-0.334348337175264,-0.183185043845346,-0.015231650337342,0.152721743170662,0.30388503650058,0.472815206210551,-0.015231650337342,0.249008073820511
9.64647936433611,-0.503059845129265,-0.334278853092672,-0.183249047987136,-0.0154439695878101,0.152361108811516,0.303390913917052,0.472171905953645,-0.0154439695878101,0.248788181511348
9.70183672727802,-0.502801239656351,-0.334169290369361,-0.183272852754759,-0.0156159553204825,0.152040942113794,0.302937379728396,0.471569329015386,-0.0156159553204825,0.248568488083824
9.75751176442169,-0.502503481468668,-0.334020440096234,-0.183257249318509,-0.0157483987938684,0.151760451730772,0.302523642508497,0.471006683880931,-0.0157483987938684,0.248348993407155
9.81350629877481,-0.502167361568447,-0.333833093364256,-0.183203028848757,-0.0158420912665596,0.151518846315637,0.302148910831137,0.470483179035328,-0.0158420912665596,0.248129697350543
9.86982216380661,-0.501793670957785,-0.333608041264268,-0.183110982515754,-0.0158978239970393,0.151315334521675,0.301812393270189,0.469998022963706,-0.0158978239970393,0.247910599783175
9.92646120350786,-0.501383200638872,-0.333346074887215,-0.182981901489864,-0.0159163882439132,0.151149125002038,0.301513298399389,0.469550424151046,-0.0159163882439132,0.247691700574224
9.98342527245127,-0.5009367416138,-0.333047985323951,-0.182816576941371,-0.0158985752657121,0.151019426409946,0.301250834792527,0.469139591082375,-0.0158985752657121,0.247472999592853
10.0407162358523,-0.50045508488463,-0.332714563665311,-0.182615800040541,-0.0158451763209639,0.150925447398613,0.301024211023383,0.468764732242702,-0.0158451763209639,0.247254496708208
10.0983359696299,-0.499939021453436,-0.332346601002148,-0.182380361957674,-0.0157569826682333,0.150866396621207,0.300832635665681,0.46842505611697,-0.0157569826682333,0.247036191789425
10.1562863604686,-0.499389342322249,-0.33194488842528,-0.182111053863038,-0.0156347855660645,0.150841482730909,0.300675317293151,0.46811977119012,-0.0156347855660645,0.246818084705626
10.2145693058794,-0.498806838493075,-0.331510217025513,-0.181808666926895,-0.015479376273004,0.150849914380887,0.300551464479505,0.467848085947067,-0.015479376273004,0.246600175325922
10.2731867142627,-0.498192300967841,-0.331043377893578,-0.181473992319444,-0.0152915460475415,0.150890900224361,0.300460285798495,0.467609208872758,-0.0152915460475415,0.246382463519411
10.3321405049705,-0.497546520748831,-0.330545162120573,-0.181107821211254,-0.015072086148546,0.150963648914162,0.300400989823481,0.467402348451739,-0.015072086148546,0.24616494915518
10.3914326083688,-0.496870288725916,-0.330016360685191,-0.180710944660498,-0.0148217877224996,0.151067369215499,0.300372785240192,0.467226713280917,-0.0148217877224996,0.245947632102301
10.4510649659017,-0.496164445162219,-0.329457813938875,-0.180284203097653,-0.0145414912876893,0.151201220522275,0.300374831363496,0.46708146258684,-0.0145414912876893,0.245730512230587
10.5110395301542,-0.49543026267467,-0.328870794582438,-0.179828869298592,-0.0142324697033849,0.151363929891822,0.300405855175669,0.466965323267901,-0.0142324697033849,0.245513589416394
10.5713582649165,-0.494669240364589,-0.328256801798778,-0.179346442519209,-0.0138962223065881,0.151553997906032,0.300464357185602,0.466876795751412,-0.0138962223065881,0.245296863539471
10.6320231452483,-0.493882879184808,-0.327617336622321,-0.178838423866942,-0.0135342502858573,0.151769923295228,0.300548836050607,0.466814378613094,-0.0135342502858573,0.245080334479552
10.6930361575431,-0.49307268008771,-0.326953900087072,-0.178306314448837,-0.0131480548293897,0.152010204790058,0.300657790428292,0.46677657042893,-0.0131480548293897,0.244864002116317
10.7543992995939,-0.492240144025707,-0.326267993227102,-0.177751615372033,-0.0127391371255109,0.152273341121012,0.30078971897608,0.466761869774685,-0.0127391371255109,0.244647866329402
10.8161145806581,-0.491386771951041,-0.325561117076341,-0.177175827743559,-0.0123089983624656,0.152557831018628,0.30094312035141,0.46676877522611,-0.0123089983624656,0.244431926998394
10.8781840215234,-0.490514064815895,-0.324834772668694,-0.176580452670445,-0.0118591397285331,0.152862173213379,0.301116493211627,0.466795785358829,-0.0118591397285331,0.244216184002834
10.940609654574,-0.489623523572376,-0.324090461038021,-0.175966991259707,-0.0113910624120091,0.153184866435688,0.301308336214002,0.466841398748358,-0.0113910624120091,0.244000637222216
11.0033935238572,-0.48871664917245,-0.323329683218071,-0.175336944618276,-0.0109062676011378,0.153524409416001,0.301517148015796,0.466904113970175,-0.0109062676011378,0.243785286535987
11.0665376851504,-0.487794942568048,-0.322553940242593,-0.174691813853111,-0.0104062564842194,0.153879300884673,0.301741427274154,0.466982429599609,-0.0104062564842194,0.243570131823549
11.130044206028,-0.48685990471092,-0.321764733145183,-0.174033100071049,-0.00989253024946348,0.154248039572122,0.301979672646256,0.467074844211993,-0.00989253024946348,0.243355172964256
11.1939151659298,-0.485913036552857,-0.320963562959508,-0.173362304379021,-0.00936659008520762,0.154629124208606,0.302230382789092,0.467179856382442,-0.00936659008520762,0.243140409837419
11.2581526562283,-0.484955839045485,-0.320151930719104,-0.172680927883858,-0.00882993717971524,0.155021053524428,0.302492056359673,0.467295964686055,-0.00882993717971524,0.242925842322303
11.3227587802978,-0.483989813140323,-0.319331337457427,-0.171990471692337,-0.00828407272122815,0.15542232624988,0.30276319201497,0.467421667697867,-0.00828407272122815,0.242711470298129
11.387735653583,-0.483016459788806,-0.318503284207881,-0.171292436911208,-0.00773049789799293,0.155831441115223,0.303042288411895,0.46755546399282,-0.00773049789799293,0.242497293644071
11.4530854036682,-0.482037279942564,-0.317669272004095,-0.170588324647476,-0.00717071389853626,0.156246896850403,0.303327844207022,0.467695852145491,-0.00717071389853626,0.242283312239263
11.5188101703473,-0.481053774552375,-0.316830801878875,-0.169879636007348,-0.00660622191062072,0.156667192186106,0.303618358057634,0.467841330731134,-0.00660622191062072,0.242069525962791
11.5849121056934,-0.480067444569939,-0.315989374865979,-0.169167872098007,-0.00603852312301279,0.157090825851982,0.303912328619953,0.467990398323914,-0.00603852312301279,0.241855934693702
11.6513933741296,-0.479079790946149,-0.315146491998385,-0.168454534025889,-0.00546911872375867,0.157516296578371,0.304208254550868,0.468141553498632,-0.00546911872375867,0.241642538310995
11.7182561524999,-0.478092314632056,-0.314303654309263,-0.167741122897639,-0.00489950990114656,0.157942103095346,0.30450463450697,0.468293294829763,-0.00489950990114656,0.24142933669363
11.78550263014,-0.477106516578199,-0.313462362831294,-0.167029139819446,-0.00433119784303476,0.158366744133377,0.304799967145225,0.46844412089213,-0.00433119784303476,0.241216329720523
11.8531350089498,-0.476123897738135,-0.31262411860021,-0.166320085900572,-0.00376568374038254,0.158788718419807,0.305092751119445,0.46859253025737,-0.00376568374038254,0.241003517270549
11.9211555034647,-0.475145959065331,-0.311790422651678,-0.165615462250241,-0.00320446878414084,0.159206524681959,0.305381485083396,0.468737021497049,-0.00320446878414084,0.240790899222539
11.9895663409286,-0.474174211126339,-0.310962785634497,-0.164916779590846,-0.0026490637784728,0.159618652033901,0.305664658077551,0.468876083569393,-0.0026490637784728,0.240578475455262
12.0583697613666,-0.473210125830479,-0.310142679540197,-0.164225509987483,-0.00210094087020916,0.160023628247065,0.305940797799779,0.469008244090061,-0.00210094087020916,0.240366245847536
12.1275680176584,-0.472254836169824,-0.309331237442542,-0.163542786587015,-0.00156123328743086,0.160420320012153,0.30620877086768,0.469132369594963,-0.00156123328743086,0.240154210278946
12.1971633756124,-0.471308810914467,-0.308528928192273,-0.162869078312349,-0.0010304100332292,0.16080825824589,0.306468108125815,0.469247990848009,-0.0010304100332292,0.239942368630615
12.2671581140391,-0.470372451393658,-0.307736153199214,-0.162204786645406,-0.000508872669631621,0.161187041306143,0.30671840785995,0.469354706054395,-0.000508872669631621,0.239730720783775
12.3375545248266,-0.46944616020479,-0.306953315141365,-0.161550314336321,2.97597308686684e-06,0.161556266282494,0.306959267087539,0.469452112150963,2.97597308686684e-06,0.239519266619607
12.408354913015,-0.468530340703433,-0.30618081745494,-0.160906064893464,0.000504732306376661,0.161915529506218,0.307190282067693,0.469539805316186,0.000504732306376661,0.239308006019242
12.4795615968722,-0.467625396282891,-0.305419063613918,-0.160272441863008,0.00099599270385866,0.162264427270726,0.307411049021635,0.469617381690608,0.00099599270385866,0.239096938863762
12.5511769079698,-0.466731730331999,-0.304668457087841,-0.159649848786714,0.00147635354353012,0.162602555873774,0.307621164174901,0.469684437419059,0.00147635354353012,0.238886065034202
12.6232031912594,-0.465849746239442,-0.303929401346135,-0.159038689206256,0.00194541120344151,0.162929511613139,0.307820223753018,0.469740568646325,0.00194541120344151,0.238675384411547
12.6956428051492,-0.464979847393608,-0.303202299857961,-0.158439366663072,0.002402762061852,0.163244890786776,0.308007823981665,0.469785371517312,0.002402762061852,0.238464896876736
12.7684981215814,-0.464122437183062,-0.302487556092687,-0.157852284698837,0.00284800249674803,0.163548289692333,0.308183561086183,0.469818442176558,0.00284800249674803,0.238254602310662
12.8417715261099,-0.463277918996027,-0.301785573519372,-0.157277846854944,0.00328072888636776,0.16383930462768,0.308347031292108,0.469839376768763,0.00328072888636776,0.238044500594169
12.9154654179785,-0.462446696220786,-0.301096755607168,-0.156716456672906,0.00370053760879953,0.164117531890506,0.308497830824767,0.469847771438385,0.00370053760879953,0.237834591608058
12.9895822101991,-0.461629172245426,-0.30042150582506,-0.156168517694101,0.0041070250422345,0.16438256777857,0.308635555909529,0.469843222329895,0.0041070250422345,0.23762487523308
13.064124329631,-0.460825750458147,-0.299760227642176,-0.155634433460073,0.0044997875646655,0.164634008589404,0.308759802771507,0.469825325587478,0.0044997875646655,0.237415351349944
13.1390942170603,-0.460036834246768,-0.299113324527298,-0.155114607512049,0.00487842155437417,0.164871450620798,0.308870167636046,0.469793677355516,0.00487842155437417,0.237206019839311
13.2144943272799,-0.459262826999211,-0.298481199949337,-0.154609443391414,0.00524252338945305,0.16509449017032,0.308966246728243,0.469747873778117,0.00524252338945305,0.236996880581798
13.2903271291696,-0.45850413210331,-0.297864257377149,-0.154119344639525,0.00559168944799241,0.16530272353551,0.309047636273134,0.469687510999295,0.00559168944799241,0.236787933457977
13.3665951057773,-0.457761152946734,-0.297262900279454,-0.153644714797627,0.0059255161081646,0.165495747013956,0.309113932495783,0.469612185163063,0.0059255161081646,0.236579178348378
13.4433007544001,-0.457034292917091,-0.296677532124941,-0.153185957406963,0.00624359974811368,0.165673156903191,0.309164731621169,0.469521492413318,0.00624359974811368,0.236370615133483
13.5204465866661,-0.45632395540195,-0.296108556382291,-0.152743476008795,0.00654553674593729,0.165834549500669,0.309199629874166,0.469415028893825,0.00654553674593729,0.236162243693733
13.5980351286167,-0.455630543788852,-0.295556376520183,-0.152317674144407,0.00683092347967915,0.165979521103765,0.309218223479542,0.46929239074821,0.00683092347967915,0.235954063909525
13.676068920789,-0.454954461464917,-0.295021396006909,-0.151908955354723,0.00709935632771513,0.166107668010153,0.309220108662339,0.469153174120348,0.00709935632771513,0.235746075661213
13.7545505182997,-0.454296111817848,-0.294504018311367,-0.151517723181302,0.00735043166775877,0.16621858651682,0.309204881646884,0.468996975153365,0.00735043166775877,0.235538278829109
13.8334824909279,-0.45365589823571,-0.29400464690285,-0.15114438116612,0.00758374587707576,0.166311872920272,0.309172138657002,0.468823389989861,0.00758374587707576,0.235330673293481
13.9128674231999,-0.453034224063745,-0.293523685207858,-0.150789332808387,0.00779889537567111,0.166387123559729,0.309121475959201,0.468632014815087,0.00779889537567111,0.235123258934557
13.9927079144734,-0.452431389907836,-0.293061433915191,-0.150452878871099,0.00799557931810812,0.166444037507315,0.309052592551407,0.468422548544052,0.00799557931810812,0.23491603563011
14.073006579023,-0.451847040739447,-0.292617538089672,-0.150134664502621,0.00817415246320371,0.166482969429028,0.308965843016079,0.468195345665855,0.00817415246320371,0.234709003242529
14.1537660461255,-0.451280564543478,-0.292191385813624,-0.149834077872453,0.00833522654459702,0.166504530961647,0.308861838902818,0.467951017632672,0.00833522654459702,0.234502161628206
14.234988960146,-0.450731348658809,-0.291782364523333,-0.149550506504042,0.00847941394199931,0.166509334388041,0.308741192407331,0.467690176542807,0.00847941394199931,0.234295510643565
14.3166779806247,-0.450198780425341,-0.291389861656076,-0.1492833379218,0.00860732703418607,0.166497991990172,0.308604515724448,0.467413434493713,0.00860732703418607,0.234089050145069
14.3988357823639,-0.449682247182636,-0.291013264648762,-0.149031959649743,0.00871957820035718,0.166471116050457,0.308452421049476,0.46712140358335,0.00871957820035718,0.233882779989228
14.4814650555153,-0.449181136270361,-0.290651960938374,-0.148795759211936,0.00881677981969283,0.166429318851322,0.308285520577759,0.466814695909746,0.00881677981969283,0.233676700032594
14.5645685056686,-0.448694835028413,-0.290305337962097,-0.148574124132621,0.00889954427122686,0.166373212675075,0.308104426504551,0.466493923570867,0.00889954427122686,0.233470810131761
14.6481488539396,-0.448222730796681,-0.289972783157077,-0.148366441935972,0.0089684839340901,0.166303409804152,0.307909751025258,0.466159698664861,0.0089684839340901,0.233265110143368
14.7322088370597,-0.447764210915247,-0.289653683960626,-0.148172100146303,0.00902421118730192,0.166220522520907,0.30770210633523,0.465812633289851,0.00902421118730192,0.2330595999241
14.8167512074652,-0.447318662724142,-0.289347427809972,-0.147990486287817,0.00906733841002215,0.166125163107862,0.307482104630016,0.465453339544186,0.00906733841002215,0.232854279330681
14.9017787333877,-0.446885473563529,-0.289053402142446,-0.147820987884797,0.00909847798136372,0.166017943847524,0.307250358105173,0.465082429526256,0.00909847798136372,0.232649148219883
14.9872941989444,-0.446464030773712,-0.288770994395492,-0.147662992461606,0.00911824228038425,0.165899477022374,0.30700747895626,0.464700515334481,0.00911824228038425,0.232444206448522
15.0733004042295,-0.446053721695217,-0.288499592006743,-0.147515887542774,0.00912724368600842,0.16577037491479,0.30675407937876,0.464308209067234,0.00912724368600842,0.232239453873456
15.1598001654061,-0.445653933668277,-0.288238582413511,-0.14737906065248,0.00912609457753952,0.165631249807559,0.30649077156859,0.463906122823356,0.00912609457753952,0.23203489035159
15.2467963147977,-0.445264054032972,-0.287987353052922,-0.147251899314692,0.00911540733452311,0.165482713983738,0.306218167721968,0.463494868702018,0.00911540733452311,0.231830515739872
15.3342917009818,-0.444883470130741,-0.287745291363435,-0.147133791054683,0.00909579433522965,0.165325379725142,0.305936880033894,0.4630750588012,0.00909579433522965,0.231626329895294
15.4222891888826,-0.444511569301912,-0.287511784782366,-0.147024123396554,0.00906786795913075,0.165159859314816,0.305647520700627,0.462647305220174,0.00906786795913075,0.231422332674896
15.5107916598649,-0.444147738887313,-0.287286220747497,-0.146922283864849,0.00903224058528803,0.164986765035425,0.305350701918073,0.462212220057889,0.00903224058528803,0.23121852393576
15.5998020118288,-0.443791366227985,-0.287067986696795,-0.146827659984266,0.00898952459263675,0.16480670916954,0.305047035882068,0.461770415413258,0.00898952459263675,0.231014903535014
15.6893231593039,-0.443441838664645,-0.286856470067875,-0.146739639279125,0.00894033236052232,0.16462030400017,0.30473713478892,0.46132250338569,0.00894033236052232,0.230811471329831
15.7793580335455,-0.443098543538382,-0.286651058298689,-0.146657609274054,0.00888527626801165,0.164428161810078,0.304421610834712,0.460869096074405,0.00888527626801165,0.23060822717743
15.8699095826301,-0.442760868201806,-0.286451138838677,-0.146580957505141,0.00882496868274771,0.164230894870636,0.304101076204172,0.460410805567301,0.00882496868274771,0.230405170935081
15.9609807715521,-0.442428199971496,-0.286256099101229,-0.146509071472402,0.00876002200846104,0.164029115489325,0.303776143118151,0.459948243988418,0.00876002200846104,0.230202302460082
16.0525745823206,-0.44209992645765,-0.286065326793232,-0.146441338969247,0.00869104835561574,0.163823435680478,0.303447423504463,0.459482023168882,0.00869104835561574,0.229999621609911
16.1446940140576,-0.441775433255379,-0.285878207607077,-0.146377145775115,0.00861866184804937,0.163614469471214,0.303115531303176,0.459012756951477,0.00861866184804937,0.229797128241171
16.2373420830958,-0.441454077021371,-0.28569409830568,-0.146315848747976,0.00854350552218419,0.163402859792345,0.302781109350049,0.45854108806574,0.00854350552218419,0.229594822197285
16.3305218230773,-0.441135171433476,-0.285512312686365,-0.146256761792064,0.00846626535500099,0.163189292502066,0.302444843396367,0.458067702143478,0.00846626535500099,0.22939270330214
16.4242362850532,-0.440818028609586,-0.285332162986871,-0.14619919725236,0.00838762888236253,0.162974455017085,0.302107420751596,0.457593286374311,0.00838762888236253,0.229190771379079
16.5184885375835,-0.440501960286025,-0.285152961063375,-0.146142467092289,0.00830828402168616,0.162759035135661,0.301769529106748,0.457118528329397,0.00830828402168616,0.228989026251436
16.6132816668372,-0.44018627824702,-0.284974018819827,-0.146085883322933,0.00822891864285801,0.162543720608649,0.301431856105543,0.456644115532736,0.00822891864285801,0.228787467742734
16.7086187766938,-0.43987029430421,-0.28479464818747,-0.146028757982557,0.00815022058870133,0.16232919915996,0.301095089364873,0.456170735481613,0.00815022058870133,0.228586095676676
16.8045029888447,-0.439553320269845,-0.284614161098042,-0.145970403109822,0.00807287770175926,0.162116158513341,0.30075991650156,0.455699075673364,0.00807287770175926,0.228384909877132
16.9009374428955,-0.439234667956501,-0.284431869483492,-0.145910130743498,0.00799757782457492,0.161905286392648,0.300427025132642,0.45522982360565,0.00799757782457492,0.228183910168139
16.9979252964686,-0.438913649177079,-0.284247085275987,-0.14584725292247,0.00792500879969142,0.161697270521853,0.30009710287537,0.454763666776462,0.00792500879969142,0.227983096373901
17.0954697253071,-0.438589575742777,-0.284059120405874,-0.145781081683704,0.00785585847168135,0.161492798627067,0.299770837349236,0.45430129268614,0.00785585847168135,0.227782468318787
17.193573923378,-0.438261759456508,-0.283867286795104,-0.145710929055672,0.00779081469372125,0.161292558443115,0.299448916182547,0.453843388843951,0.00779081469372125,0.227582025827329
17.2922411029777,-0.437929512124305,-0.283670896368638,-0.145636107069752,0.00773056531619455,0.161097237702141,0.299132027001027,0.453390642756694,0.00773056531619455,0.227381768724226
17.3914744948362,-0.437592145554503,-0.283469261053623,-0.145555927759408,0.00767579818751122,0.160907524134431,0.298820857428646,0.452943741929526,0.00767579818751122,0.227181696834345
17.4912773482238,-0.437248971558761,-0.283261692780418,-0.145469703161217,0.0076272011530816,0.16072410546738,0.298516095086582,0.452503373864924,0.0076272011530816,0.226981809982718
17.591652931057,-0.436899301944032,-0.283047503474565,-0.145376745306833,0.00758546206334777,0.160547669433529,0.298218427601261,0.452070226070727,0.00758546206334777,0.226782107994544
17.6926045300054,-0.436542448521012,-0.282826005065234,-0.145276366231444,0.00755126876533344,0.160378903762111,0.297928542595901,0.451644986051679,0.00755126876533344,0.226582590695186
17.7941354505997,-0.436177723099466,-0.282596509480553,-0.145167877969091,0.007525309107317,0.160218496183725,0.297647127695187,0.4512283413141,0.007525309107317,0.226383257910174
17.8962490173397,-0.435804437489915,-0.282358328649295,-0.145050592554362,0.00750827093714502,0.160067134428652,0.297374870523585,0.450820979364205,0.00750827093714502,0.226184109465202
17.9989485738032,-0.435421903503072,-0.282110774500312,-0.144923822021821,0.00750084210279612,0.159925506227414,0.297112458705904,0.450423587708664,0.00750084210279612,0.225985145186129
18.1022374827554,-0.435029432950157,-0.281853158962849,-0.144786878406331,0.00750371045206485,0.15979429931046,0.296860579866979,0.450036853854287,0.00750371045206485,0.225786364898981
18.2061191262593,-0.434626337640865,-0.281584793964518,-0.144639073741012,0.00751756383459518,0.159674201410202,0.296619921633708,0.449661465310055,0.00751756383459518,0.225587768429948
18.310596905786,-0.434211929374191,-0.281304991422116,-0.144479720048079,0.00754309011105253,0.159565900270184,0.296391171644221,0.449298109596296,0.00754309011105253,0.225389355605384
18.4156742423264,-0.433785519827354,-0.281013063130549,-0.144308129227744,0.00758097726421702,0.159470083756178,0.296175017658983,0.448947474355788,0.00758097726421702,0.225191126251816
18.5213545765032,-0.433346420101481,-0.280708320308498,-0.144123612603881,0.00763191385334289,0.159387440310567,0.295972148015184,0.448610247808167,0.00763191385334289,0.224993080195965
18.6276413686833,-0.432893940542184,-0.280390073418989,-0.143925480744578,0.00769658919360424,0.159318659131787,0.295783251806197,0.448287118929392,0.00769658919360424,0.224795217264761
18.7345380990916,-0.432427552366201,-0.280057793802059,-0.143713205100207,0.00777553171204426,0.159264268524296,0.295608857226148,0.447978615790289,0.00777553171204426,0.224597537276456
18.8420482679242,-0.431947429662036,-0.279711655695558,-0.143486960042254,0.0078685668886962,0.159224093819646,0.29544878947295,0.447684563439429,0.0078685668886962,0.224400040010911
18.9501753954639,-0.431453942995658,-0.279352029821884,-0.143247116433096,0.00797532370565488,0.159197763844406,0.295302677233194,0.447404590406968,0.00797532370565488,0.224202725237543
19.0589230221947,-0.430947484405122,-0.278979308376073,-0.142994066608239,0.00809540967134362,0.159184885950926,0.29517012771876,0.447138303747809,0.00809540967134362,0.224005592724958
19.1682947089183,-0.430428432383729,-0.278593870007651,-0.142728189357004,0.0082284458411177,0.159185081039239,0.295050761689887,0.446885324065964,0.0082284458411177,0.223808642242876
19.2782940368702,-0.429897169609705,-0.278196097550976,-0.142449867653458,0.00837404908568304,0.159197965824824,0.294944195722342,0.446645267781071,0.00837404908568304,0.223611873561155
19.3889246078374,-0.42935407772437,-0.27778637280321,-0.142159483434216,0.00853183731348327,0.159223158061183,0.294850047430176,0.446417752351336,0.00853183731348327,0.223415286450078
19.500190044276,-0.428799538635341,-0.277365077827574,-0.141857418901738,0.00870142816735428,0.159260275236446,0.294767934162283,0.44620239497005,0.00870142816735428,0.223218880680282
19.6120939894302,-0.428233934211451,-0.276932594648252,-0.141544056219221,0.00888243932964374,0.159308934878509,0.29469747330754,0.445998812870738,0.00888243932964374,0.22302265602277
19.7246401074509,-0.427657646322277,-0.276489305289929,-0.141219777550143,0.00907448848266608,0.159368754515475,0.294638282255262,0.445806623287609,0.00907448848266608,0.222826612248914
19.8378320835167,-0.42707105683876,-0.276035591778402,-0.140884965058871,0.00927719330809237,0.159439351675056,0.294589978394587,0.445625443454945,0.00927719330809237,0.222630749130449
19.9516736239535,-0.426474547631436,-0.275571836138816,-0.140540000908899,0.00949017148871333,0.159520343886325,0.294552179116243,0.445454890608863,0.00949017148871333,0.222435066439477
20.0661684563566,-0.425868500571879,-0.275098420397108,-0.14018526726429,0.00971304070699455,0.15961134867828,0.294524501811097,0.445294581985868,0.00971304070699455,0.222239563948463
20.1813203297124,-0.425253297533076,-0.27461572658038,-0.139821146290057,0.00994541864470068,0.159711983579458,0.294506563869781,0.445144134822477,0.00994541864470068,0.222044241430235
20.2971330145215,-0.424629320388091,-0.274124136715567,-0.139448020150818,0.0101869229842312,0.159821866119281,0.294497982684029,0.445003166356553,0.0101869229842312,0.221849098657984
20.4136103029215,-0.423996951010894,-0.273624032830263,-0.139066271011637,0.0104371714077886,0.159940613827214,0.29449837564584,0.444871293826471,0.0104371714077886,0.221654135405265
20.5307560088121,-0.423356571275844,-0.273115796952205,-0.138676281037495,0.0106957815978984,0.160067844233292,0.294507360148001,0.444748134471641,0.0106957815978984,0.221459351445992
20.6485739679789,-0.422708563058653,-0.272599811110238,-0.138278432394268,0.0109623712364374,0.160203174867143,0.294524553583113,0.444633305531528,0.0109623712364374,0.221264746554443
20.7670680382202,-0.422053308235282,-0.272076457333212,-0.137873107247614,0.0112365580057421,0.160346223259098,0.294549573344697,0.444526424246766,0.0112365580057421,0.221070320505254
20.8862420994721,-0.421391188682463,-0.271546117650506,-0.137460687763502,0.0115179595880814,0.160496606939665,0.294582036826669,0.444427107858625,0.0115179595880814,0.220876073073422
21.0061000539366,-0.420722586277573,-0.271009174091897,-0.137041556108084,0.0118061936657841,0.160653943439652,0.294621561423465,0.444334973609141,0.0118061936657841,0.220682004034303
21.1266458262086,-0.420047882899125,-0.270466008688056,-0.136616094448184,0.0121008779207465,0.160817850289677,0.294667764529549,0.444249638740618,0.0121008779207465,0.220488113163612
21.2478833634048,-0.419367460424704,-0.269917003468482,-0.136184684949239,0.012401630036496,0.160987945022231,0.294720263541474,0.444170720497696,0.012401630036496,0.220294400237423
21.369816635293,-0.418681700743341,-0.269362540473882,-0.13574770978768,0.0127080676858024,0.161163845159285,0.294778675845487,0.444097836114946,0.0127080676858024,0.220100865032159
21.4924496344217,-0.417990985649697,-0.268803001650318,-0.135305551045045,0.0130198086366052,0.161345168318255,0.294842618923528,0.444030602922908,0.0130198086366052,0.219907507324655
21.6157863762513,-0.417295697881236,-0.268238769886757,-0.134858591745872,0.0133364697137354,0.161531531173342,0.294911709314227,0.443968637308707,0.0133364697137354,0.219714326891587
21.7398308992851,-0.416596233273434,-0.267670241174784,-0.134407228021435,0.0136576546307139,0.161722537282863,0.294985550436211,0.443911542534862,0.0136576546307139,0.219521323502848
21.8645872652021,-0.415893001962759,-0.267097825811998,-0.133951870313521,0.0139829527855548,0.16191777588463,0.295063731383108,0.443858907533868,0.0139829527855548,0.219328496920923
21.9900595589893,-0.415186414368289,-0.266521934378439,-0.133492929346197,0.0143119532941612,0.162116835934519,0.295145840966761,0.443810320956611,0.0143119532941612,0.219135846908555
22.1162518890763,-0.414476881004972,-0.26594297754977,-0.133030815938942,0.0146442451772653,0.162319306293473,0.295231467904301,0.443765371359502,0.0146442451772653,0.21894337322884
22.2431683874689,-0.413764812368493,-0.265361365982111,-0.132565940891437,0.0149794174756829,0.162524775842802,0.295320200933476,0.443723647319859,0.0149794174756829,0.218751075645295
22.3708132098852,-0.413050618958546,-0.264777510335314,-0.132098715006847,0.0153170592270138,0.162732833460874,0.295411628789341,0.443684737412574,0.0153170592270138,0.218558953921842
22.4991905358911,-0.412334711275977,-0.264191821270107,-0.131629549088968,0.015656759468504,0.162943068025976,0.295505340207115,0.443648230212985,0.015656759468504,0.218367007822809
22.6283045690377,-0.411617499822701,-0.263604709448013,-0.131158853942146,0.0159981072371234,0.163155068416393,0.29560092392226,0.443613714296948,0.0159981072371234,0.218175237112927
22.7581595369982,-0.410899395100787,-0.263016585530437,-0.130687040370359,0.0163406915704809,0.163368423511321,0.295697968671399,0.443580778241749,0.0163406915704809,0.217983641557336
22.8887596917072,-0.410180807613313,-0.262427860179514,-0.130214519178075,0.0166841015059698,0.163582722190015,0.295796063191453,0.443549010625253,0.0166841015059698,0.217792220921578
23.0201093094992,-0.409462147864456,-0.261838944058206,-0.129741701170341,0.0170279260806749,0.163797553331691,0.295894796219556,0.443518000025805,0.0170279260806749,0.217600974971596
23.152212691249,-0.408743826359075,-0.261250247829887,-0.129268997152372,0.0173717543317858,0.164012505815943,0.295993756493458,0.443487335022647,0.0173717543317858,0.21740990347374
23.2850741625124,-0.408026253602383,-0.260662182158008,-0.128796817929216,0.0177151752969293,0.164227168523074,0.296092532751866,0.443456604196242,0.0177151752969293,0.21721900619476
23.4186980736679,-0.407309840100806,-0.260075157706963,-0.12832557430662,0.0180577780133035,0.164441130333227,0.29619071373357,0.443425396127413,0.0180577780133035,0.217028282901806
23.5530888000591,-0.406594996361642,-0.259489585141745,-0.12785567709069,0.0183991515180204,0.16465398012673,0.296287888177785,0.443393299397683,0.0183991515180204,0.21683773336243
23.688250742138,-0.405882132890984,-0.258905875125872,-0.127387537085809,0.0187388848501807,0.164865306786171,0.296383644826234,0.443359902591345,0.0187388848501807,0.216647357344584
23.8241883256091,-0.405171660201996,-0.258324438329664,-0.126921565102925,0.0190765670425917,0.165074699188108,0.296477572414847,0.443324794287179,0.0190765670425917,0.216457154616617
23.9609060015742,-0.404463988800307,-0.257745685415632,-0.126458171944931,0.0194117871363838,0.165281746217699,0.296569259688399,0.443287563073075,0.0194117871363838,0.216267124947279
24.0984082466782,-0.403759529197021,-0.257170027051492,-0.125997768419687,0.0197441341679894,0.165486036755666,0.296658295387471,0.443247797532999,0.0197441341679894,0.216077268105717
24.2366995632559,-0.403058691902898,-0.256597873904352,-0.125540765334201,0.0200731971749599,0.165687159684121,0.296744268254272,0.443205086252818,0.0200731971749599,0.215887583861473
24.3757844794791,-0.402361887430315,-0.256029636642663,-0.125087573496584,0.0203985651940102,0.165884703884604,0.296826767030683,0.443159017818335,0.0203985651940102,0.215698071984488
24.5156675495049,-0.401669526291634,-0.255465725934594,-0.124638603714427,0.0207198272626429,0.166078258239713,0.29690538045988,0.44310918081692,0.0207198272626429,0.215508732245098
24.6563533536251,-0.400982019000352,-0.254906552449182,-0.124194266795948,0.0210365724180009,0.16626741163195,0.296979697285184,0.443055163836354,0.0210365724180009,0.215319564414031
24.797846498416,-0.400299776069984,-0.254352526855214,-0.123754973548875,0.0213483896979811,0.166451752944837,0.297049306251176,0.442996555465947,0.0213483896979811,0.215130568262413
24.9401516168892,-0.399623208021877,-0.253804059829041,-0.123321134788262,0.0216548681334219,0.166630871055106,0.297113796095885,0.442932944288721,0.0216548681334219,0.214941743561763
25.0832733686432,-0.39895269363264,-0.253261530304912,-0.122893129589417,0.0219556284922865,0.16680438657399,0.297172787289485,0.442863950617212,0.0219556284922865,0.214753090079714
25.2272164400162,-0.398288502852757,-0.252725208400614,-0.122471228219834,0.0222504003407454,0.166972028901325,0.297226009082105,0.442789303534248,0.0222504003407454,0.214564607569659
25.3719855442395,-0.397630882244204,-0.252195340847248,-0.122055677561954,0.0225389366282121,0.167133550818378,0.297273214103673,0.442708755500628,0.0225389366282121,0.214376295782301
25.5175854215919,-0.396980078379156,-0.251672174385798,-0.121646724507811,0.0228209902948177,0.167288705097447,0.297314154975433,0.442622058968792,0.0228209902948177,0.214188154468812
25.6640208395545,-0.396336337829734,-0.251155955756872,-0.121244615948788,0.023096314281666,0.16743724451212,0.297348584320204,0.442528966393066,0.023096314281666,0.214000183380833
25.8112965929673,-0.395699907170377,-0.250646931703088,-0.120849598777986,0.0233646615284522,0.16757892183489,0.297376254759992,0.442429230227281,0.0233646615284522,0.213812382270469
25.959417504186,-0.395071032974319,-0.250145348965535,-0.120461919886699,0.0236257849769946,0.167713489840688,0.297396918919524,0.442322602928308,0.0236257849769946,0.213624750890292
26.1083884232399,-0.394449961818014,-0.249651454288212,-0.12008182616885,0.023879437566796,0.167840701302442,0.297410329421804,0.442208836951606,0.023879437566796,0.213437288993338
26.2582142279907,-0.393836940277424,-0.249165494414309,-0.119709564517267,0.0241253722387656,0.167960308994799,0.29741623889184,0.442087684754955,0.0241253722387656,0.213249996333108
26.4088998242922,-0.393232214929897,-0.248687716088089,-0.119345381825576,0.0243633419333293,0.168072065692235,0.297414399954748,0.441958898796555,0.0243633419333293,0.213062872663562
26.5604501461511,-0.39263603235371,-0.248218366054431,-0.118989524987734,0.0245930995908915,0.168175724169517,0.297404565236214,0.441822231535493,0.0245930995908915,0.212875917739128
26.7128701558882,-0.392048639127518,-0.247757691058278,-0.118642240897483,0.0248143981523828,0.168271037202249,0.297386487363044,0.441677435432283,0.0248143981523828,0.212689131314689
26.8661648443013,-0.391470281831902,-0.247305937846187,-0.118303776449901,0.0250269905577095,0.16835775756532,0.297359918961606,0.441524262947321,0.0250269905577095,0.212502513145593
27.0203392308284,-0.390901207046761,-0.246863353163722,-0.117974378538791,0.0252306297483607,0.168435638035513,0.297324612660443,0.441362466543482,0.0252306297483607,0.212316062987645
27.1753983637121,-0.39034166135479,-0.246430183758931,-0.117654294060166,0.0254250686639275,0.168504431388021,0.297280321086786,0.441191798682645,0.0254250686639275,0.212129780597109
27.3313473201648,-0.389791891338313,-0.24600667637918,-0.117343769909077,0.0256100602452705,0.168563890399618,0.297226796869721,0.441012011828854,0.0256100602452705,0.211943665730708
27.4881912065351,-0.389252143580717,-0.245593077772589,-0.117043052981049,0.0257853574330825,0.168613767847214,0.297163792638754,0.440822858446882,0.0257853574330825,0.21175771814562
27.645935158475,-0.388722664666672,-0.245189634688254,-0.11675239017231,0.0259507131676651,0.16865381650764,0.297091061023584,0.440624091002003,0.0259507131676651,0.211571937599481
27.8045843411078,-0.388203701181362,-0.24479659387547,-0.116472028379008,0.0261058803897023,0.168683789158413,0.297008354654875,0.440415461960767,0.0261058803897023,0.21138632385038
27.9641439491976,-0.387695499711178,-0.244414202084436,-0.116202214497923,0.026250612039558,0.168703438577039,0.296915426163552,0.440196723790294,0.026250612039558,0.211200876656862
28.124619207319,-0.387198306842784,-0.244042706065314,-0.115943195425516,0.0263846610582148,0.168712517541946,0.296812028181744,0.439967628959214,0.0263846610582148,0.211015595777927
28.2860153700288,-0.386712369164981,-0.243682352570097,-0.115695218059811,0.0265077803854035,0.168710778830618,0.296697913340904,0.439727929935788,0.0265077803854035,0.210830480973024
28.4483377220371,-0.386237933236112,-0.243333388320013,-0.11545852926779,0.0266197229921975,0.168697975252185,0.296572834304408,0.439477379220507,0.0266197229921975,0.210645532002056
28.6115915783813,-0.38577524397685,-0.242996058398347,-0.115233374278247,0.0267202434881308,0.168673861254509,0.296436545374609,0.439215730953111,0.0267202434881308,0.210460748625328
28.7757822845996,-0.385324552098412,-0.242670613678507,-0.115020004109723,0.0268090906934101,0.168638185496543,0.296288795065327,0.438942733485232,0.0268090906934101,0.210276130603766
28.9409152169059,-0.384886088510774,-0.242357285232754,-0.114818649979695,0.0268860332292106,0.168590716438116,0.296129351691175,0.438658154969195,0.0268860332292106,0.210091677698157
29.1069957823666,-0.3844598843181,-0.242056104331265,-0.114629343306894,0.0269510395117494,0.168531422330393,0.295958183354764,0.438361963341599,0.0269510395117494,0.209907389663793
29.2740294190766,-0.384045818689356,-0.241766950311763,-0.114451963580052,0.0270042298845114,0.168460423349075,0.295775410080786,0.438054278458378,0.0270042298845114,0.20972326625192
29.4420215963382,-0.383643766273033,-0.241489697991262,-0.11428638576698,0.0270457292121406,0.168377844191261,0.295581156415544,0.437735224697315,0.0270457292121406,0.209539307214133
29.6109778148397,-0.383253601579926,-0.241224222048748,-0.114132484697167,0.0270756624979249,0.168283809693017,0.295375547044598,0.437404926575775,0.0270756624979249,0.209355512302509
29.7809036068361,-0.382875199138134,-0.240970397180187,-0.113990135216792,0.0270941547287926,0.168178444674377,0.295158706637773,0.437063508595719,0.0270941547287926,0.209171881269611
29.9518045363292,-0.382508433474668,-0.240728098080128,-0.113859212170319,0.0271013308937098,0.168061873957738,0.294930759867547,0.436711095262087,0.0271013308937098,0.208988413868483
30.123686199251,-0.382153179116693,-0.240497199442945,-0.113739590401748,0.0270973159824316,0.167934222366611,0.294691831407808,0.436347811081556,0.0270973159824316,0.20880510985265
30.296554223646,-0.381809310590543,-0.240277575961857,-0.11363114475363,0.0270822349864901,0.16779561472661,0.294442045934837,0.435973780563523,0.0270822349864901,0.208621968976123
30.470414269856,-0.381476702427131,-0.240069102334336,-0.113533750072477,0.0270562128937757,0.167646175860028,0.294181528121887,0.435589128214682,0.0270562128937757,0.208438990993387
30.6452720307053,-0.38115522915573,-0.239871653255888,-0.113447281202546,0.0270193746947614,0.167486030592069,0.29391040264541,0.435193978545253,0.0270193746947614,0.208256175659411
30.821133231687,-0.380844765307375,-0.239685103423455,-0.113371612989238,0.0269718453790961,0.16731530374743,0.293628794181647,0.434788456065568,0.0269718453790961,0.20807352272964
30.9980036311506,-0.380545185413584,-0.239509327534139,-0.113306620277825,0.0269137499368815,0.167134120151588,0.293336827407902,0.434372685287347,0.0269137499368815,0.20789103196
31.1758890204904,-0.380256364007117,-0.239344200285963,-0.113252177914207,0.0268452133579117,0.16694260463003,0.293034627001786,0.43394679072294,0.0268452133579117,0.207708703106891
31.3547952243356,-0.379978175621835,-0.239189596377724,-0.113208160744776,0.0267663606318111,0.166740882008398,0.292722317641346,0.433510896885457,0.0267663606318111,0.207526535927188
31.5347281007402,-0.379710494792035,-0.239045390508337,-0.113174443615746,0.0266773167487015,0.166529077113149,0.29240002400574,0.433065128289438,0.0266773167487015,0.207344530178244
31.7156935413755,-0.379453196053477,-0.238911457377854,-0.113150901374187,0.0265782066981696,0.166307314770526,0.292067870774193,0.432609609449817,0.0265782066981696,0.207162685617884
31.8976974717229,-0.379206153942723,-0.23878767168681,-0.113137408867359,0.0264691554699289,0.166075719807217,0.291725982626668,0.432144464882581,0.0264691554699289,0.206981002004408
32.0807458512677,-0.378969242996202,-0.238673908135287,-0.113133840941785,0.0263502880547516,0.165834417051288,0.29137448424479,0.431669819105705,0.0263502880547516,0.206799479096587
32.2648446736941,-0.378742337754524,-0.238570041427228,-0.113140072447564,0.0262217294401501,0.165583531327864,0.291013500307528,0.431185796634824,0.0262217294401501,0.206618116653662
32.4499999670822,-0.378525312753731,-0.238475946261688,-0.113155978229618,0.0260836046191312,0.16532318746788,0.29064315549995,0.430692521991993,0.0260836046191312,0.20643691443535
32.6362177941046,-0.378318042536949,-0.238391497344488,-0.113181433139353,0.025936038578535,0.165053510296423,0.290263574501558,0.430190119694019,0.025936038578535,0.206255872201831
32.8235042522251,-0.378120401642935,-0.238316569376761,-0.113216312023199,0.0257791563104939,0.164774624644187,0.289874881997749,0.429678714263923,0.0257791563104939,0.206074989713759
33.0118654738987,-0.377932264614848,-0.238251037063725,-0.113260489731391,0.0256130828036521,0.164486655338695,0.289477202671029,0.429158430222152,0.0256130828036521,0.205894266732253
33.2013076267721,-0.37775350599568,-0.238194775110115,-0.113313841113395,0.0254379430477349,0.164189727208865,0.289070661205585,0.42862939209115,0.0254379430477349,0.205713703018901
33.3918369138855,-0.377584000375899,-0.238147658267822,-0.113376241065547,0.025253861985916,0.163883965037379,0.288655382239654,0.428091724347731,0.025253861985916,0.20553329833576
33.5834595738761,-0.377423641643187,-0.238109580584902,-0.113447583779412,0.0250609452671856,0.163569474313783,0.288231471119274,0.427545532177558,0.0250609452671856,0.205353052446432
33.7761818811822,-0.377272372997416,-0.238080485419415,-0.113527812754596,0.0248592492346633,0.163246311223923,0.287798983888742,0.426990871466743,0.0248592492346633,0.205172965117748
33.9700101462487,-0.377130145299505,-0.238060323789865,-0.113616879150621,0.0246488225721519,0.162914524294925,0.287357968934169,0.426427790443808,0.0246488225721519,0.204993036117417
34.1649507157334,-0.376996909421,-0.238049046725087,-0.113714734137064,0.0244297139536978,0.16257416204446,0.286908474632483,0.425856337328395,0.0244297139536978,0.204813265213595
34.3610099727153,-0.376872616258064,-0.238046605278224,-0.113821328907539,0.0242019720296127,0.162225272966765,0.286450549337449,0.425276560317289,0.0242019720296127,0.204633652174888
34.5581943369034,-0.376757216697775,-0.238052950493032,-0.113936614646003,0.0239656454601682,0.161867905566339,0.285984241413369,0.424688507618111,0.0239656454601682,0.204454196770346
34.7565102648467,-0.376650661627808,-0.238068033413563,-0.114060542536436,0.0237207829059105,0.161502108348257,0.285509599225384,0.424092227439629,0.0237207829059105,0.204274898769466
34.9559642501461,-0.376552901936845,-0.238091805084575,-0.114193063763258,0.0234674330272492,0.161127929817756,0.285026671139073,0.423487767991344,0.0234674330272492,0.204095757942189
35.1565628236665,-0.376463888514822,-0.238124216551775,-0.114334129511566,0.0232056444842121,0.16074541847999,0.284535505520199,0.422875177483247,0.0232056444842121,0.2039167740589
35.3583125537509,-0.376383572252134,-0.238165218861033,-0.114483690966351,0.0229354659372348,0.160354622840821,0.284036150735503,0.422254504126603,0.0229354659372348,0.203737946890426
35.5612200464355,-0.376311904039807,-0.238214763058549,-0.114641699312667,0.0226569460469872,0.159955591406642,0.283528655152523,0.421625796133782,0.0226569460469872,0.203559276208037
35.765291945666,-0.376248834770809,-0.238272800192163,-0.11480810573694,0.0223701334730648,0.15954837268307,0.283013067138293,0.420989101716938,0.0223701334730648,0.203380761783446
35.9705349335149,-0.376194315335908,-0.23833928130722,-0.114982861422831,0.0220750768781261,0.159133015179083,0.282489435063472,0.42034446909216,0.0220750768781261,0.203202403388803
36.1769557304008,-0.376148296631675,-0.238414157454567,-0.11516591755924,0.0217718249198856,0.158709567399011,0.281957807294338,0.419691946471446,0.0217718249198856,0.2030242007967
36.3845610953078,-0.376110729551427,-0.2384973796815,-0.115357225331246,0.0214604262601756,0.158278077851597,0.281418232201851,0.419031582071779,0.0214604262601756,0.202846153780168
36.5933578260074,-0.376081564989353,-0.238588899035887,-0.115556735924236,0.0211409295608167,0.15783859504587,0.280870758157521,0.418363424110986,0.0211409295608167,0.202668262112676
36.8033527592808,-0.376060753845357,-0.238688666571022,-0.115764400528758,0.0208133834787623,0.157391167486283,0.280315433528547,0.417687520802882,0.0208133834787623,0.202490525568129
37.0145527711429,-0.376048247014177,-0.238796633334729,-0.115980170329623,0.0204778366769987,0.15693584368362,0.279752306688726,0.417003920368175,0.0204778366769987,0.20231294392087
37.226964777067,-0.376043995394848,-0.238912750378836,-0.116203996515382,0.0201343378150631,0.156472672145508,0.279181426008962,0.416312671024975,0.0201343378150631,0.202135516945676
37.440595732212,-0.376047949883079,-0.23903696875155,-0.116435830270703,0.0197829355566735,0.15600170138405,0.278602839864897,0.415613820996426,0.0197829355566735,0.201958244417763
37.6554526316495,-0.376060061381581,-0.239169239507786,-0.116675622786695,0.0194236785593953,0.155522979905486,0.278016596626576,0.414907418500371,0.0194236785593953,0.201781126112776
37.8715425105932,-0.376080280795955,-0.239309513705056,-0.116923325256806,0.0190566154787502,0.155036556214306,0.277422744662557,0.414193511753456,0.0190566154787502,0.201604161806796
38.088872444629,-0.376108559025112,-0.239457742393886,-0.11717888886723,0.0186817949778038,0.154542478822838,0.276821332349494,0.413472148980719,0.0186817949778038,0.201427351276336
38.3074495499469,-0.376144846785127,-0.239613876441647,-0.117442264620721,0.0182992659033833,0.154040796427487,0.276212408248413,0.412743378591893,0.0182992659033833,0.201250694298382
38.5272809835738,-0.376189098968726,-0.239777870892709,-0.117713407697345,0.0179090729246534,0.153531553546652,0.275596016742016,0.412007244818033,0.0179090729246534,0.201074190649408
38.7483739436083,-0.376241229721745,-0.239949640037996,-0.117992232517855,0.017511301476612,0.153014835471079,0.27497224299122,0.411263832674969,0.017511301476612,0.200897840115547
38.9707356694557,-0.376300915928716,-0.24012886087043,-0.118278416172165,0.0171062743615822,0.15249096489533,0.274341409593595,0.410513464651881,0.0171062743615822,0.200721642537028
39.1943734420656,-0.376367666357911,-0.240315042240742,-0.11857146758479,0.0166944825730673,0.151960432730925,0.273704007386877,0.409756631504045,0.0166944825730673,0.200545597792308
39.41929458417,-0.376440993175697,-0.240507696398227,-0.118870899079229,0.0162764137051208,0.151423726489471,0.273060523808468,0.408993820585939,0.0162764137051208,0.200369705759148
39.6455064605233,-0.37652040789676,-0.240706334940339,-0.119176222327006,0.0158525560039262,0.150881334334859,0.272411446948191,0.408225519904612,0.0158525560039262,0.200193966315541
39.8730164781432,-0.376605422101392,-0.240910469530103,-0.119486949065171,0.0154233976501829,0.150333744365537,0.271757264830468,0.407452217401758,0.0154233976501829,0.200018379339543
40.1018320865536,-0.376695547371797,-0.241119611832394,-0.119802591032579,0.0149894268228392,0.149781444678257,0.271098465478072,0.406674401017476,0.0149894268228392,0.199842944709289
40.3319607780282,-0.376790295293905,-0.241333273515764,-0.120122659971713,0.0145511316972685,0.14922492336625,0.270435536910301,0.405892558688442,0.0145511316972685,0.199667662302994
40.5634100878357,-0.376889177453746,-0.241550966248811,-0.120446667625056,0.0141090004488995,0.148664668522855,0.26976896714661,0.405107178351545,0.0141090004488995,0.199492531998949
40.796187594487,-0.376991705434635,-0.241772201697362,-0.120774125732269,0.0136635212560342,0.148101168244337,0.269099244209431,0.404318747946704,0.0136635212560342,0.199317553675531
41.0303009199831,-0.377097390824176,-0.241996491531481,-0.121104546037201,0.0132151822928412,0.147534910622883,0.268426856117163,0.403527755409858,0.0132151822928412,0.19914272721119
41.2657577300646,-0.377205745205639,-0.242223347416842,-0.121437440279267,0.0127644717379774,0.146966383755222,0.267752290892797,0.402734688681594,0.0127644717379774,0.19896805248446
41.5025657344627,-0.377316280165569,-0.242452281022343,-0.121772320201053,0.0123118777669815,0.146396075735016,0.267076036556306,0.401940035699532,0.0123118777669815,0.198793529373952
41.7407326871518,-0.37742850728891,-0.242682804015223,-0.122108697543441,0.0118578885571503,0.145824474657741,0.266398581129523,0.40114428440321,0.0118578885571503,0.198619157758358
41.9802663866035,-0.37754193816308,-0.242914428065146,-0.122446084049688,0.0114029922834577,0.145252068616603,0.265720412632061,0.400347922729995,0.0114029922834577,0.198444937516447
42.2211746760415,-0.377656084371692,-0.243146664837912,-0.122783991459141,0.0109476771248439,0.144679345708828,0.2650420190876,0.39955143862138,0.0109476771248439,0.198270868527071
42.4634654436988,-0.377770457504782,-0.243379026005696,-0.123121931517471,0.0104924312539747,0.14410679402542,0.264363888513645,0.398755320012732,0.0104924312539747,0.198096950669158
42.7071466230759,-0.377884569144063,-0.24361102323229,-0.12345941596192,0.0100377428520036,0.143534901665927,0.263686508936297,0.39796005484807,0.0100377428520036,0.197923183821717
42.9522261932004,-0.377997930878737,-0.243842168188926,-0.12379595653712,0.00958410009274191,0.142964156722604,0.26301036837441,0.397166131064221,0.00958410009274191,0.197749567863837
43.1987121788887,-0.378110054296958,-0.244071972545733,-0.124131064986555,0.00913199115120718,0.142395047288969,0.262335954848147,0.396374036599373,0.00913199115120718,0.197576102674682
43.4466126510081,-0.378220450916429,-0.24429994790232,-0.124464252983126,0.00868190427306211,0.14182806152925,0.261663756448445,0.395584259462553,0.00868190427306211,0.197402788133521
43.6959357267419,-0.378328632035927,-0.244525605639279,-0.124795031980633,0.00823432792316866,0.141263687826971,0.260994261485616,0.394797287882264,0.00823432792316866,0.197229624119757
43.9466895698542,-0.378434109519877,-0.244748457702899,-0.125122913998622,0.00778975000058826,0.140702413999798,0.260327957704076,0.394013609521054,0.00778975000058826,0.197056610512719
44.1988823909582,-0.378536395321735,-0.244968016128465,-0.125447411145599,0.00734865831545939,0.140144727776517,0.259665332759383,0.393233711952654,0.00734865831545939,0.196883747191789
44.4525224477844,-0.378635001395111,-0.245183792951361,-0.125768035530123,0.00691154067792064,0.139591116885964,0.259006874307202,0.392458082750953,0.00691154067792064,0.196711034036428
44.7076180454512,-0.378729439068955,-0.245395299582141,-0.126084298635767,0.00647888552326753,0.139042069682303,0.258353070628676,0.39168721011549,0.00647888552326753,0.196538470926352
44.9641775367367,-0.378819192093979,-0.245602019847888,-0.126395684357956,0.00605120888014671,0.13849810211825,0.257704437608182,0.390921609854272,0.00605120888014671,0.196366057748986
45.2222093223525,-0.378903698728214,-0.245803392074436,-0.126701631083194,0.00562907229464403,0.137959775672482,0.257061536663724,0.390161843317502,0.00562907229464403,0.196193794404389
45.4817218512184,-0.378982389737772,-0.245998847094287,-0.127001569703391,0.00521304480883951,0.13742765932107,0.256424936711966,0.389408479355451,0.00521304480883951,0.196021680794696
45.7427236207396,-0.379054696177495,-0.246187816028731,-0.127294931399296,0.00480369517592459,0.136902321751145,0.255795206380581,0.388662086529344,0.00480369517592459,0.195849716821965
46.005223177084,-0.37912004910115,-0.246369729997978,-0.127581147350574,0.00440159215017234,0.136384331650919,0.255172914298323,0.387923233401495,0.00440159215017234,0.195677902388254
46.2692291154632,-0.379177879569983,-0.24654402012972,-0.127859648744375,0.00400730447837297,0.135874257701121,0.254558629086466,0.387192488526728,0.00400730447837297,0.195506237395621
46.5347500804131,-0.379227618640179,-0.246710117546585,-0.128129866762783,0.003621400912383,0.135372668587549,0.253952919371351,0.386470420464945,0.003621400912383,0.195334721746127
46.8017947660769,-0.379268697368555,-0.246867453371832,-0.12839123258851,0.00324445020343244,0.134880132995375,0.253356353778697,0.38575759777542,0.00324445020343244,0.195163355341834
47.0703719164907,-0.379300546813073,-0.247015458729865,-0.128643177405413,0.00287702110160725,0.134397219608628,0.252769500933079,0.385054589016288,0.00287702110160725,0.194992138084806
47.3404903258686,-0.379322598029912,-0.247153564743301,-0.128885132395563,0.00251968235878149,0.133924497113126,0.252192929460864,0.384361962747475,0.00251968235878149,0.194821069877108
47.6121588388917,-0.379334282076692,-0.247281202536199,-0.129116528742468,0.00217300272539182,0.133462534193251,0.251627207986983,0.383680287527475,0.00217300272539182,0.19465015062081
47.885386350997,-0.379335030011467,-0.247397803233052,-0.12933679763007,0.00183755095144345,0.133011899532957,0.251072905135938,0.383010131914354,0.00183755095144345,0.194479380217979
48.1601818086689,-0.379324272891409,-0.247502797957463,-0.129545370241423,0.00151389578783205,0.132573161817087,0.250530589533128,0.382352064467073,0.00151389578783205,0.19430875857069
48.4365542097323,-0.379301441772719,-0.247595617832071,-0.12974167775861,0.00120260598642604,0.132146889731462,0.250000829804923,0.381706653745571,0.00120260598642604,0.194138285581017
48.7145126036471,-0.379265967716248,-0.247675693984157,-0.129925151368358,0.000904250294447967,0.131733651957254,0.249484194573053,0.381074468305144,0.000904250294447967,0.193967961151036
48.9940660918045,-0.379217281771402,-0.247742457529556,-0.130095222245943,0.000619397470578768,0.131334017187101,0.248981252470713,0.380456076712559,0.000619397470578768,0.193797785182832
49.2752238278249,-0.379154815002899,-0.247795339599415,-0.130251321581958,0.000348616258181058,0.13094855409832,0.248492572115777,0.379852047519261,0.000348616258181058,0.193627757578483
49.5579950178577,-0.379077998468,-0.247833771317421,-0.130392880559526,9.24754080887484e-05,0.130577831375703,0.248018722133598,0.379262949284178,9.24754080887484e-05,0.193457878240079
49.842388920883,-0.378986263214741,-0.247857183798033,-0.130519330352545,-0.000148456319634597,0.130222417713276,0.247560271158763,0.378689350575472,-0.000148456319634597,0.193288147069707
50.1284148490144,-0.378879040332519,-0.247865008197069,-0.130630102176269,-0.000373610206281414,0.129882881763706,0.247117787784506,0.378131819919956,-0.000373610206281414,0.193118563969461
50.4160821678042,-0.378755760830354,-0.247856675589969,-0.130724627165571,-0.000582417452758326,0.129559792260054,0.246691840684452,0.377590925924837,-0.000582417452758326,0.192949128841437
50.7054002965497,-0.37861585564383,-0.247831616978731,-0.130802336381878,-0.000774309186523941,0.129253718008831,0.246282998605683,0.377067237270782,-0.000774309186523941,0.192779841587739
50.9963787086021,-0.378458756233245,-0.247789263890074,-0.130862661411345,-0.000948717059767757,0.128965227291809,0.245891829770539,0.376561322113709,-0.000948717059767757,0.192610702110461
51.2890269316763,-0.378283894022385,-0.2477290478142,-0.130905033803604,-0.00110507268815621,0.128694888427291,0.245518902437888,0.376073748646073,-0.00110507268815621,0.192441710311703
51.5833545481631,-0.378090680468868,-0.247650380274855,-0.130928865141575,-0.00124278772035446,0.128443289700866,0.245164804834146,0.375605105028159,-0.00124278772035446,0.19227286609399
51.8793711954428,-0.377878640569405,-0.247552786336497,-0.130933680550337,-0.00136138734879702,0.128210905852743,0.244830011638903,0.37515586587181,-0.00136138734879702,0.192104169357461
52.1770865662009,-0.377647561277125,-0.247436053023727,-0.130919267118447,-0.00146065873309788,0.127997949652251,0.244514735557531,0.374726243810929,-0.00146065873309788,0.191935619996766
52.4765104087455,-0.377397403997165,-0.247300141815615,-0.130885586391131,-0.00154056349198981,0.127804459407151,0.244219014831635,0.374316277013186,-0.00154056349198981,0.191767217902924
52.7776525273263,-0.377128143584958,-0.24714502764169,-0.130832613364223,-0.00160107669497565,0.127630459974271,0.243942874251738,0.373925990195007,-0.00160107669497565,0.191598962966714
53.0805227824557,-0.37683974790331,-0.246970678438724,-0.130760316040682,-0.00164216641855164,0.127475983203578,0.243686345601621,0.373555415066207,-0.00164216641855164,0.191430855079108
53.3851310912318,-0.376532184453747,-0.246777061782174,-0.130668662062117,-0.00166380037783006,0.127341061306457,0.243449461026514,0.373204583698087,-0.00166380037783006,0.191262894131133
53.6914874276631,-0.376205420662777,-0.246564145172448,-0.130557618995066,-0.00166594621282079,0.127225726569425,0.243232252746806,0.372873528237135,-0.00166594621282079,0.191095080013855
53.999601822995,-0.375859424051075,-0.246331896204092,-0.130427154500178,-0.00164857165761814,0.127130011184942,0.243034752888856,0.372562280735839,-0.00164857165761814,0.190927412618387
54.3094843660382,-0.375494162140178,-0.246080282472484,-0.130277236238905,-0.00161164444708762,0.12705394734473,0.242856993578309,0.372270873246002,-0.00161164444708762,0.190759891835885
54.6211452034991,-0.375109602418245,-0.245809271539595,-0.130107831839265,-0.00155513228263176,0.126997567274002,0.242699006974332,0.371999337852982,-0.00155513228263176,0.190592517557549
54.9345945403123,-0.374705712335895,-0.245518830929822,-0.129918908891676,-0.00147900282802089,0.126960903235634,0.24256082527378,0.371747706679853,-0.00147900282802089,0.190425289674626
55.2498426399741,-0.374282459863807,-0.245208928687602,-0.129710435506575,-0.00138322426702362,0.126943986972528,0.242442480153555,0.37151601132976,-0.00138322426702362,0.190258208078396
55.5668998248795,-0.373839810581024,-0.244879530465673,-0.129482377402644,-0.00126776239158959,0.126946852619464,0.242344005682494,0.371304285797845,-0.00126776239158959,0.19009127266023
55.8857764766593,-0.373377730808582,-0.244530602658745,-0.129234701040517,-0.00113258373560282,0.126969533569312,0.242265435187539,0.371112563337377,-0.00113258373560282,0.189924483311531
56.2064830365205,-0.372896191553055,-0.244162116347098,-0.128967377566432,-0.000977659518579303,0.127012058529273,0.24220679730994,0.370940872515897,-0.000977659518579303,0.189757839923653
56.5290300055882,-0.372395164220934,-0.243774043010905,-0.128680378526492,-0.000802961359880125,0.127074455806732,0.242168120291145,0.370789241501173,-0.000802961359880125,0.189591342387986
56.8534279452492,-0.371874620147115,-0.243366354058714,-0.12837367539515,-0.000608460807181114,0.127156753780788,0.242149432444352,0.370657698532753,-0.000608460807181114,0.189424990595967
57.1796874774981,-0.371334524511174,-0.242939014743637,-0.128047233491322,-0.000394123252511364,0.127258986986299,0.242150768238614,0.370546278006151,-0.000394123252511364,0.1892587844392
57.5078192852848,-0.370774831697902,-0.242491979523829,-0.12770100733881,-0.000159903292613164,0.127381200753584,0.242172172938603,0.370455025112676,-0.000159903292613164,0.189092723809546
57.8378341128645,-0.370195494999792,-0.242025201765102,-0.127334950369035,9.42455681994386e-05,0.127523441505434,0.242213692901501,0.370383986136191,9.42455681994386e-05,0.188926808598928
58.1697427661497,-0.369596468705405,-0.24153863582932,-0.126949017009452,0.000368368829590102,0.127685754668632,0.2422753734885,0.370333206364585,0.000368368829590102,0.188761038699298
58.5035561130634,-0.368977728899927,-0.241032257875231,-0.126543183484637,0.000662490193847532,0.127868163872332,0.242357238262926,0.370302709287622,0.000662490193847532,0.188595414002221
58.8392850838956,-0.368339272865203,-0.240506065258494,-0.126117447216298,0.000976612165877085,0.128070671548052,0.242459289590248,0.370292497196957,0.000976612165877085,0.188429934398895
59.176940671661,-0.367681098759132,-0.239960056210799,-0.125671806502158,0.00131073637458945,0.128293279251336,0.242581528959978,0.370302571508311,0.00131073637458945,0.188264599780548
59.5165339324587,-0.367003204739705,-0.2393942289639,-0.125206259639971,0.00166486444889532,0.128535988537762,0.242723957861691,0.370332933637496,0.00166486444889532,0.188099410038453
59.8580759858346,-0.366305588965006,-0.238808581749609,-0.124720804927526,0.00203899801770538,0.128798800962937,0.24288657778502,0.370383585000417,0.00203899801770538,0.187934365063933
60.2015780151452,-0.365588288664673,-0.238203151871777,-0.124215479735082,0.00243309963697469,0.129081679009032,0.243069351145726,0.370454487938623,0.00243309963697469,0.187769464747594
60.5470512679239,-0.364851864087991,-0.237578499660783,-0.123690844465585,0.0028466088231309,0.129384062111847,0.243271717307045,0.370545081734253,0.0028466088231309,0.1876047089699
60.8945070562493,-0.364096960147889,-0.236935270111715,-0.123147544187636,0.00327888042589275,0.129705305039422,0.2434930309635,0.370654720999674,0.00327888042589275,0.18744009760975
61.2439567571157,-0.363324126921857,-0.236274013382903,-0.122586129131907,0.0037293641342144,0.130044857400336,0.243732741651331,0.370782855190286,0.0037293641342144,0.187275630547981
61.5954118128054,-0.362533928595375,-0.235595293740796,-0.1220071636373,0.00419749552869111,0.130402154694682,0.243990284798179,0.370928919652757,0.00419749552869111,0.187111307665241
61.9488837312635,-0.361726937733832,-0.234899683831807,-0.121411220422728,0.0046827018098562,0.13077662404244,0.24426508745152,0.371092341353544,0.0046827018098562,0.186947128842101
62.3043840864745,-0.360903726843547,-0.234187756243218,-0.120798872147921,0.00518441023748498,0.131167692622891,0.244556576718188,0.371272547318517,0.00518441023748498,0.18678309395922
62.6619245188418,-0.360064865914863,-0.233460081046241,-0.120170688956457,0.0057020505875955,0.131574790131648,0.244864182221432,0.371468967090054,0.0057020505875955,0.186619202897391
63.0215167355683,-0.359210923013367,-0.232717226387252,-0.119527239067003,0.00623505456120216,0.131997348189408,0.245187335509656,0.371681032135771,0.00623505456120216,0.18645545553753
63.3831725110399,-0.358342466192485,-0.231959760400405,-0.118869090685952,0.00678285387164887,0.13243479842925,0.245525468143703,0.371908173935783,0.00678285387164887,0.186291851760643
63.7469036872113,-0.357460064661275,-0.231188252375444,-0.118196813175246,0.00734487907677481,0.132886571328796,0.245878010528994,0.372149822814824,0.00734487907677481,0.186128391447794
64.1127221739934,-0.356564287762727,-0.230403271735988,-0.117510976030654,0.00792056060064835,0.133352097231951,0.246244392937285,0.372405408964023,0.00792056060064835,0.185965074480136
64.4806399496432,-0.355655704595761,-0.229605387661525,-0.116812148503757,0.00850932911158628,0.13383080672693,0.246624045884697,0.372674362818933,0.00850932911158628,0.185801900738909
64.8506690611567,-0.354734884252897,-0.228795169325083,-0.116100899839627,0.00911061528447411,0.134322130408575,0.247016399894031,0.372956114821845,0.00911061528447411,0.18563887010544
65.2228216246626,-0.353802395829041,-0.22797318590202,-0.115377799285609,0.00972384979197967,0.134825498869568,0.247420885485979,0.373250095413001,0.00972384979197967,0.185475982461142
65.5971098258192,-0.352858808419222,-0.227140006567756,-0.114643416089062,0.0103484633068171,0.135340342702696,0.24783693318139,0.373555735032856,0.0103484633068171,0.185313237687515
65.9735459202137,-0.351904691120383,-0.22629620049957,-0.11389831949915,0.0109838864999519,0.135866092499053,0.248263973499474,0.373872464120286,0.0109838864999519,0.185150635666142
66.3521422337633,-0.350940613025424,-0.225442336870638,-0.113143078760882,0.0116295500465625,0.136402178854007,0.248701436963763,0.374199713118549,0.0116295500465625,0.184988176278694
66.7329111631187,-0.349967143231795,-0.224578984858628,-0.112378263123709,0.0122848846174457,0.1369480323586,0.24914875409352,0.374536912466687,0.0122848846174457,0.184825859406927
67.1158651760702,-0.348984850833892,-0.223706713638095,-0.111604441833913,0.0129493208866205,0.137503083607154,0.249605355411336,0.374883492607133,0.0129493208866205,0.184663684932684
67.5010168119559,-0.347994304925234,-0.222826092382662,-0.110822184136796,0.0136222895291485,0.138066763195093,0.250070671440959,0.37523888398353,0.0136222895291485,0.184501652737891
67.8883786820721,-0.346996074609457,-0.221937690276008,-0.110032059287662,0.0143032212101425,0.138638501707947,0.250544132696293,0.375602517029742,0.0143032212101425,0.184339762704561
68.2779634700866,-0.345990728972927,-0.221042076484484,-0.109234636524436,0.0149915466121552,0.139217729748746,0.251025169708794,0.375973822197237,0.0149915466121552,0.184178014714793
68.6697839324536,-0.344978837252041,-0.220139820324422,-0.108430485234976,0.0156866962678564,0.139803877770689,0.251513212860135,0.376352229787754,0.0156866962678564,0.184016408650762
69.0638528988317,-0.343960968059941,-0.219231490488812,-0.107620174183723,0.0163881013334189,0.140396376850561,0.252007693155649,0.376737170726778,0.0163881013334189,0.183854944394768
69.4601832725037,-0.342937711438796,-0.218317677100542,-0.106804293565794,0.0170951715334729,0.14099463663274,0.252508020167487,0.377128054505742,0.0170951715334729,0.183693621827831
69.8587880307996,-0.341909763431143,-0.217399076287384,-0.105983539585235,0.0178072105792303,0.141597960743695,0.253013497445844,0.377524184589603,0.0178072105792303,0.183532440824308
70.2596802255209,-0.34087785577499,-0.216476419874051,-0.105158644144339,0.0185234864821949,0.142205617108729,0.253523392838441,0.37792482873938,0.0185234864821949,0.183371401256399
70.6628729833685,-0.339842720135537,-0.215550439612354,-0.104330339072425,0.0192432673269366,0.142816873726298,0.254036974266228,0.37832925478941,0.0192432673269366,0.183210502996432
71.0683795063721,-0.338805088188297,-0.214621867264344,-0.103499356208976,0.0199658211879359,0.143430998584848,0.254553509640216,0.378736730564169,0.0199658211879359,0.18304974591685
71.4762130723228,-0.337765691594579,-0.213691434577779,-0.102666427379108,0.0206904161541282,0.144047259687364,0.255072266886035,0.379146523902836,0.0206904161541282,0.182889129890224
71.8863870352078,-0.336725262025954,-0.212759873310599,-0.101832284418048,0.0214163203044146,0.144664925026877,0.255592513919428,0.379557902634783,0.0214163203044146,0.182728654789243
72.2989148256473,-0.335684531150703,-0.211827915217372,-0.100997659157575,0.0221428017212299,0.145283262600034,0.256113518659832,0.379970134593163,0.0221428017212299,0.182568320486718
72.713809951335,-0.334644230633846,-0.210896292049322,-0.10016328342605,0.0228691284905062,0.145901540407062,0.256634549030335,0.380382487614859,0.0228691284905062,0.182408126855581
73.1310859974795,-0.333605092148771,-0.20996573556596,-0.0993298890600505,0.0235945686900414,0.146519026440133,0.257154872946043,0.380794229528854,0.0235945686900414,0.182248073768884
73.5507566272499,-0.332567847360717,-0.209036977518567,-0.0984982078878476,0.0243183904060214,0.14713498869989,0.257673758330609,0.381204628172759,0.0243183904060214,0.182088161099801
73.9728355822228,-0.331533227947567,-0.208110749670986,-0.0976689717502065,0.0250398617122166,0.14774869517464,0.258190473095419,0.381612951372,0.0250398617122166,0.181928388721623
74.3973366828322,-0.330501965569215,-0.207187783768985,-0.0968429124697369,0.0257582507006394,0.148359413871016,0.258704285170264,0.382018466970493,0.0257582507006394,0.181768756507767
74.8242738288224,-0.329474791899138,-0.20626881157184,-0.0960207618824886,0.0264728254499389,0.148966412782366,0.259214462471718,0.382420442799016,0.0264728254499389,0.181609264331767
75.2536609997026,-0.328452438608521,-0.205354564836449,-0.095203251822059,0.0271828540412989,0.149568959904657,0.259720272919046,0.382818146691119,0.0271828540412989,0.181449912067276
75.6855122552051,-0.327435637368639,-0.204445775319719,-0.0943911141219833,0.0278876045560462,0.150166323234076,0.260220984431812,0.383210846480731,0.0278876045560462,0.181290699588069
76.1198417357455,-0.32642511984624,-0.203543174773951,-0.0935850806111134,0.028586345080273,0.150757770771659,0.260715864934497,0.383597810006786,0.028586345080273,0.181131626768042
76.5566636628856,-0.325421617715525,-0.202647494958816,-0.0927858831256031,0.029278343692849,0.151342570511301,0.261204182344514,0.383978305101223,0.029278343692849,0.180972693481208
76.9959923397991,-0.32442586264699,-0.201759467630198,-0.0919942534977443,0.0299628684765869,0.151919990450918,0.261685204583372,0.384351599600164,0.0299628684765869,0.180813899601702
77.4378421517403,-0.323438586307444,-0.200879824540214,-0.0912109235559887,0.0306391875182219,0.152489298592432,0.262158199576658,0.384716961343887,0.0306391875182219,0.180655245003779
77.8822275665146,-0.32246052038141,-0.200009297458617,-0.0904366251463557,0.0313065688869969,0.15304976292035,0.262622435232611,0.385073658155404,0.0313065688869969,0.180496729561807
78.3291631349524,-0.32149239652449,-0.19914861812615,-0.089672090085776,0.0319642806813319,0.15360065144844,0.263077179488814,0.385420957887154,0.0319642806813319,0.180338353150284
78.7786634913859,-0.32053494641874,-0.198298518309935,-0.0889180502174922,0.0326115909734089,0.15414123216431,0.263521700256753,0.385758128365557,0.0326115909734089,0.18018011564382
79.2307433541277,-0.319588901734033,-0.197459729764832,-0.0881752373724086,0.0332477678478313,0.154670773068071,0.263955265460495,0.386084437429696,0.0332477678478313,0.180022016917145
79.6854175259532,-0.318654993181349,-0.196632983286719,-0.0874443824223749,0.0338720803483402,0.155188543119055,0.2643771439834,0.386399153878029,0.0338720803483402,0.179864056845114
80.1427008945851,-0.317733937031667,-0.195818995231344,-0.0867262017989929,0.0344838119590547,0.155693825717102,0.264786619149454,0.386701560949776,0.0344838119590547,0.179706235302776
80.6026084331808,-0.316825897248157,-0.19501792964464,-0.0860208596222531,0.0350827984777013,0.156186456577656,0.265183526600043,0.386991494203559,0.0350827984777013,0.179548552168136
81.0651552008229,-0.315930443940012,-0.194229356716418,-0.0853279261541062,0.0356694695621766,0.156666865278459,0.265568295840772,0.387269383064366,0.0356694695621766,0.179391007322361
81.5303563430121,-0.315047110604763,-0.193452810024633,-0.0846469350444741,0.0362442914825985,0.157135518009671,0.26594139298983,0.387535693569959,0.0362442914825985,0.179233600646901
81.9982270921632,-0.314175431759646,-0.192687824166887,-0.0839774209628681,0.0368077294895578,0.157592879941984,0.266303283146002,0.387790890738762,0.0368077294895578,0.1790763320233
82.4687827681039,-0.313314941922622,-0.191933933741434,-0.0833189185793975,0.037360248833112,0.158039416245621,0.266654431407658,0.388035439588846,0.037360248833112,0.178919201333195
82.9420387785765,-0.312465175608063,-0.191190673342881,-0.0826709625604591,0.037902314767097,0.158475592094653,0.266995302877075,0.388269805142257,0.037902314767097,0.178762208458326
83.4180106197419,-0.311625667334769,-0.190457577570192,-0.0820330875767543,0.0384343925411084,0.158901872658971,0.267326362652409,0.388494452416986,0.0384343925411084,0.178605353280523
83.8967138766878,-0.310795951617121,-0.18973418101785,-0.0814048282944408,0.0389569474093516,0.159318723113144,0.267648075836553,0.388709846435825,0.0389569474093516,0.178448635681716
84.3781642239383,-0.309975562974009,-0.189020018284779,-0.0807857193840603,0.0394704446217123,0.159726608627485,0.267960907528203,0.388916452217434,0.0394704446217123,0.178292055543932
84.8623774259678,-0.309164035920441,-0.188314623965955,-0.0801752955121489,0.0399753494321476,0.160125994376444,0.268265322830251,0.389114734784736,0.0399753494321476,0.178135612749293
85.3493693377165,-0.308360904972811,-0.187617532657681,-0.0795730913465081,0.0404721270934134,0.160517345533335,0.268561786844508,0.389305159159638,0.0404721270934134,0.177979307180017
85.83915590511,-0.307565704661965,-0.186928278970638,-0.0789786415692627,0.0409612428440072,0.160901127257277,0.268850764658653,0.38948819034998,0.0409612428440072,0.17782313871842
86.3317531655814,-0.306777969360261,-0.186246397356959,-0.0783914807039289,0.0414431620811012,0.161277804866131,0.269132721519162,0.389664293522464,0.0414431620811012,0.177667107246912
86.8271772485963,-0.305997233656234,-0.185571422484887,-0.0778111434900736,0.0419183499858809,0.161647843461835,0.269408122456648,0.389833933627996,0.0419183499858809,0.177511212648002
87.3254443761809,-0.305223032314978,-0.184902889199159,-0.0772371648437039,0.0423872715631553,0.162011707970014,0.26967743232547,0.389997575441288,0.0423872715631553,0.177355454804292
87.8265708634533,-0.30445490009424,-0.184240332337104,-0.0766690796733562,0.0428503918252687,0.162369863323894,0.269941115987642,0.390155683744777,0.0428503918252687,0.177199833598478
88.3305731191577,-0.303692370882835,-0.183583285867047,-0.0761064220185052,0.0433081766536958,0.162722775325897,0.270199639174438,0.390308724190227,0.0433081766536958,0.177044348913361
88.8374676462016,-0.302934992493006,-0.182931297680727,-0.0755487398420267,0.0437610780065222,0.163070895855071,0.270453453693771,0.39045714850605,0.0437610780065222,0.176889000631758
89.3472710421962,-0.302182265381411,-0.182283868314059,-0.0749955337507556,0.0442095951981157,0.163414724146987,0.27070305871029,0.390601455777642,0.0442095951981157,0.176733788636843
89.86,-0.301433746779374,-0.181640555077771,-0.0744463611264727,0.0446541707677512,0.163754702661975,0.270948896613274,0.390742088314877,0.0446541707677512,0.176578712811574
