"age","Valence_1_mu","Valence_1_sigma"
5.17,0.255938680324716,0.273951102404201
5.19966860297942,0.252103761620268,0.27370893104327
5.22950746243906,0.248271508406717,0.273466973940951
5.25951755541411,0.244442276760876,0.27322523092639
5.28969986454658,0.240616464302733,0.27298370183224
5.32005537811748,0.236794485705709,0.272742386491977
5.35058509007916,0.232976754765432,0.272501284738796
5.38129000008789,0.229163685272817,0.272260396405981
5.41217111353658,0.225355691018778,0.272019721326903
5.44322944158769,0.221553185794229,0.271779259335019
5.47446600120632,0.217756583390084,0.271539010263878
5.50588181519358,0.213966297597258,0.271298973947115
5.53747791222,0.210182742089671,0.27105915021845
5.56925532685926,0.206406301786498,0.270819538910646
5.60121509962204,0.202637295392477,0.270580139854158
5.63335827699013,0.198876032325084,0.270340952879204
5.66568591145064,0.195122840909576,0.270101977816791
5.69819906153051,0.191378208660802,0.269863214503813
5.73089879183114,0.187642702834184,0.269624662780139
5.76378617306326,0.183916891280565,0.269386322485725
5.796862282082,0.180201341850787,0.269148193460601
5.83012820192213,0.176496622395694,0.268910275544862
5.86358502183353,0.172803300766128,0.268672568578671
5.89723383731687,0.169121944812932,0.268435072402263
5.93107575015945,0.165453308747211,0.268197786862681
5.96511186847132,0.161798924021741,0.267960711835099
5.99934330672151,0.158159868628181,0.267723847178268
6.03377118577458,0.154537200229042,0.267487192750205
6.06839663292727,0.150931979265343,0.267250748409039
6.10322078194544,0.147345263372293,0.2670145140128
6.1382447731012,0.143778110188453,0.26677848941953
6.17346975321022,0.140231577214187,0.266542674487271
6.2088968756693,0.13670672198292,0.266307069074075
6.24452730049414,0.133204602045955,0.266071673038001
6.28036219435729,0.129726274951806,0.26583648623712
6.31640273062641,0.126272798244567,0.265601508529506
6.35265008940263,0.122845229467945,0.265366739773246
6.38910545755924,0.119444626165654,0.265132179826435
6.42577002878051,0.116072045882553,0.264897828547175
6.46264500360081,0.112728546164013,0.264663685793579
6.4997315894439,0.109415184554855,0.264429751423769
6.53703100066247,0.106133018599695,0.264196025295877
6.57454445857791,0.102883105831545,0.263962507268044
6.61227319152028,0.0996665040244076,0.263729197198422
6.65021843486858,0.0964842679104,0.263496094945188
6.68838143109112,0.0933374617556911,0.263263200366475
6.72676342978627,0.0902271423994466,0.26303051332047
6.76536568772337,0.0871542208842276,0.262798033666235
6.80418946888385,0.0841192318157465,0.262565761265066
6.84323604450262,0.0811226139840195,0.262333695978823
6.88250669310974,0.0781648106917939,0.262101837669343
6.92200270057223,0.0752462653199504,0.261870186198458
6.9617253601362,0.0723674212432905,0.261638741427999
7.00167597246921,0.0695287218367097,0.261407503219798
7.04185584570281,0.0667306104753954,0.261176471435685
7.08226629547544,0.0639735305344354,0.26094564593749
7.12290864497543,0.0612579253889333,0.260715026587044
7.16378422498442,0.0585842384139903,0.260484613246178
7.20489437392084,0.0559529129846944,0.260254405776722
7.2462404378838,0.0533643924761525,0.260024404040509
7.28782377069714,0.0508191202634716,0.259794607899369
7.32964573395378,0.0483175397217449,0.259565017215138
7.37170769706025,0.0458600942260739,0.259335631849651
7.41401103728161,0.0434472271515597,0.259106451664742
7.45655713978647,0.041079381873303,0.258877476522251
7.4993473976924,0.0387570017664012,0.258648706284018
7.54238321211153,0.0364805302059259,0.258420140811885
7.5856659921964,0.0342504105683652,0.258191779967697
7.62919715518614,0.0320670862249492,0.257963623613301
7.67297812645286,0.0299310005134452,0.257735671610547
7.71701033954831,0.0278425966463858,0.257507923821291
7.76129523625085,0.0258023189669975,0.257280380107379
7.80583426661263,0.0238105919140166,0.257053040330863
7.85062888900708,0.0218676207954822,0.256825904356018
7.89568057017665,0.0199734578484027,0.256598972048665
7.94099078528089,0.0181281523218504,0.256372243274644
7.98656101794466,0.0163317535354704,0.256145717899786
8.03239276030681,0.0145843108027588,0.25591939578991
8.07848751306896,0.0128858734426531,0.255693276810828
8.12484678554468,0.011236490770661,0.255467360828344
8.17147209570888,0.00963621210273502,0.25524164770825
8.21836497024756,0.00808508675495418,0.255016137316331
8.26552694460776,0.00658316404308621,0.254790829518366
8.31295956304785,0.00513049328317128,0.254565724180122
8.36066437868809,0.00372712379135727,0.254340821167361
8.40864295356149,0.00237310488352974,0.254116120345838
8.45689685866496,0.00106848587569167,0.253891621581297
8.50542767401073,-0.000186683916171881,0.253667324739479
8.55423698867811,-0.0013923551760816,0.253443229686116
8.60332640086553,-0.00254847858806223,0.253219336286935
8.65269751794283,-0.00365500483610426,0.252995644407654
8.70235195650393,-0.0047118846042134,0.252772153913988
8.75229134241973,-0.00571906857642492,0.252548864671644
8.80251731089138,-0.00667650743675742,0.252325776546325
8.85303150650382,-0.00758415186920075,0.252102889403727
8.9038355832796,-0.00844195256062138,0.251880203109542
8.95493120473305,-0.00924986017304128,0.251657717529457
9.00632004392478,-0.0100078199151447,0.25143543252913
9.05800378351642,-0.0107160375192591,0.251213347975371
9.10998411582575,-0.0113752111230156,0.250991463737174
9.16226274288208,-0.0119861386670232,0.250769779683956
9.21484137648203,-0.0125496113674136,0.25054829568509
9.2677217382455,-0.0130664204818437,0.250327011609931
9.32090555967215,-0.0135373572686651,0.250105927327819
9.37439458219798,-0.0139632129864009,0.249885042708077
9.42819055725246,-0.0143447788935935,0.249664357620012
9.48229524631579,-0.0146828462487711,0.249443871932916
9.53671042097664,-0.0149782063105078,0.249223585516065
9.59143786299011,-0.015231650337342,0.249003498238721
9.64647936433611,-0.0154439695878101,0.24878360997013
9.70183672727802,-0.0156159553204825,0.248563920579525
9.75751176442169,-0.0157483987938684,0.248344429936122
9.81350629877481,-0.0158420912665596,0.248125137909126
9.86982216380661,-0.0158978239970393,0.247906044367727
9.92646120350786,-0.0159163882439132,0.247687149181101
9.98342527245127,-0.0158985752657121,0.247468452218412
10.0407162358523,-0.0158451763209639,0.247249953348809
10.0983359696299,-0.0157569826682333,0.24703165244143
10.1562863604686,-0.0156347855660645,0.2468135493654
10.2145693058794,-0.015479376273004,0.246595643989832
10.2731867142627,-0.0152915460475415,0.246377936183826
10.3321405049705,-0.015072086148546,0.246160425816472
10.3914326083688,-0.0148217877224996,0.245943112756845
10.4510649659017,-0.0145414912876893,0.24572599687476
10.5110395301542,-0.0142324697033849,0.245509078046574
10.5713582649165,-0.0138962223065881,0.245292356152041
10.6320231452483,-0.0135342502858573,0.245075831070893
10.6930361575431,-0.0131480548293897,0.244859502682816
10.7543992995939,-0.0127391371255109,0.244643370867447
10.8161145806581,-0.0123089983624656,0.244427435504375
10.8781840215234,-0.0118591397285331,0.244211696473144
10.940609654574,-0.0113910624120091,0.243996153653249
11.0033935238572,-0.0109062676011378,0.243780806924139
11.0665376851504,-0.0104062564842194,0.243565656165219
11.130044206028,-0.00989253024946348,0.243350701255845
11.1939151659298,-0.00936659008520762,0.243135942075331
11.2581526562283,-0.00882993717971524,0.242921378502944
11.3227587802978,-0.00828407272122815,0.242707010417906
11.387735653583,-0.00773049789799293,0.242492837699395
11.4530854036682,-0.00717071389853626,0.242278860226545
11.5188101703473,-0.00660622191062072,0.242065077878446
11.5849121056934,-0.00603852312301279,0.241851490534146
11.6513933741296,-0.00546911872375867,0.241638098072648
11.7182561524999,-0.00489950990114656,0.241424900372913
11.78550263014,-0.00433119784303476,0.241211897313859
11.8531350089498,-0.00376568374038254,0.240999088774364
11.9211555034647,-0.00320446878414084,0.24078647463326
11.9895663409286,-0.0026490637784728,0.240574054769319
12.0583697613666,-0.00210094087020916,0.240361829061362
12.1275680176584,-0.00156123328743086,0.240149797388976
12.1971633756124,-0.0010304100332292,0.239937959633285
12.2671581140391,-0.000508872669631621,0.239726315675524
12.3375545248266,2.97597308686684e-06,0.239514865396876
12.408354913015,0.000504732306376661,0.239303608678474
12.4795615968722,0.00099599270385866,0.239092545401403
12.5511769079698,0.00147635354353012,0.238881675446698
12.6232031912594,0.00194541120344151,0.238670998695349
12.6956428051492,0.002402762061852,0.238460515028296
12.7684981215814,0.00284800249674803,0.238250224326434
12.8417715261099,0.00328072888636776,0.23804012647061
12.9154654179785,0.00370053760879953,0.237830221341625
12.9895822101991,0.0041070250422345,0.237620508820235
13.064124329631,0.0044997875646655,0.237410988787149
13.1390942170603,0.00487842155437417,0.237201661123032
13.2144943272799,0.00524252338945305,0.236992525708502
13.2903271291696,0.00559168944799241,0.236783582424134
13.3665951057773,0.0059255161081646,0.236574831150458
13.4433007544001,0.00624359974811368,0.236366271767961
13.5204465866661,0.00654553674593729,0.236157904157086
13.5980351286167,0.00683092347967915,0.23594972819823
13.676068920789,0.00709935632771513,0.235741743771751
13.7545505182997,0.00735043166775877,0.235533950757963
13.8334824909279,0.00758374587707576,0.235326349037136
13.9128674231999,0.00779889537567111,0.235118938489498
13.9927079144734,0.00799557931810812,0.234911718992829
14.073006579023,0.00817415246320371,0.234704690409516
14.1537660461255,0.00833522654459702,0.234497852595956
14.234988960146,0.00847941394199931,0.234291205408575
14.3166779806247,0.00860732703418607,0.23408474870384
14.3988357823639,0.00871957820035718,0.233878482338262
14.4814650555153,0.00881677981969283,0.233672406168395
14.5645685056686,0.00889954427122686,0.233466520050837
14.6481488539396,0.0089684839340901,0.23326082384223
14.7322088370597,0.00902421118730192,0.23305531739926
14.8167512074652,0.00906733841002215,0.232850000578655
14.9017787333877,0.00909847798136372,0.23264487323719
14.9872941989444,0.00911824228038425,0.232439935231682
15.0733004042295,0.00912724368600842,0.232235186418993
15.1598001654061,0.00912609457753952,0.232030626656029
15.2467963147977,0.00911540733452311,0.231826255799742
15.3342917009818,0.00909579433522965,0.231622073707128
15.4222891888826,0.00906786795913075,0.231418080235226
15.5107916598649,0.00903224058528803,0.231214275241123
15.5998020118288,0.00898952459263675,0.23101065858195
15.6893231593039,0.00894033236052232,0.230807230114881
15.7793580335455,0.00888527626801165,0.23060398969714
15.8699095826301,0.00882496868274771,0.230400937185997
15.9609807715521,0.00876002200846104,0.230198072438753
16.0525745823206,0.00869104835561574,0.229995395312891
16.1446940140576,0.00861866184804937,0.229792905665014
16.2373420830958,0.00854350552218419,0.229590603338549
16.3305218230773,0.00846626535500099,0.229388488157386
16.4242362850532,0.00838762888236253,0.229186559944872
16.5184885375835,0.00830828402168616,0.228984818524343
16.6132816668372,0.00822891864285801,0.228783263719325
16.7086187766938,0.00815022058870133,0.228581895353526
16.8045029888447,0.00807287770175926,0.228380713250819
16.9009374428955,0.00799757782457492,0.228179717235243
16.9979252964686,0.00792500879969142,0.227978907131005
17.0954697253071,0.00785585847168135,0.227778282762479
17.193573923378,0.00779081469372125,0.227577843954199
17.2922411029777,0.00773056531619455,0.227377590530867
17.3914744948362,0.00767579818751122,0.227177522317354
17.4912773482238,0.0076272011530816,0.226977639138695
17.591652931057,0.00758546206334777,0.226777940820092
17.6926045300054,0.00755126876533344,0.226578427186911
17.7941354505997,0.007525309107317,0.226379098064685
17.8962490173397,0.00750827093714502,0.226179953279112
17.9989485738032,0.00750084210279612,0.225980992656055
18.1022374827554,0.00750371045206485,0.225782216021542
18.2061191262593,0.00751756383459518,0.225583623201765
18.310596905786,0.00754309011105253,0.225385214023084
18.4156742423264,0.00758097726421702,0.225186988312026
18.5213545765032,0.00763191385334289,0.224988945895318
18.6276413686833,0.00769658919360424,0.224791086599892
18.7345380990916,0.00777553171204426,0.224593410244003
18.8420482679242,0.0078685668886962,0.224395916607517
18.9501753954639,0.00797532370565488,0.224198605459854
19.0589230221947,0.00809540967134362,0.224001476569625
19.1682947089183,0.0082284458411177,0.223804529706554
19.2782940368702,0.00837404908568304,0.223607764640504
19.3889246078374,0.00853183731348327,0.223411181141762
19.500190044276,0.00870142816735428,0.223214778980967
19.6120939894302,0.00888243932964374,0.22301855792913
19.7246401074509,0.00907448848266608,0.222822517757624
19.8378320835167,0.00927719330809237,0.22262665823819
19.9516736239535,0.00949017148871333,0.222430979142934
20.0661684563566,0.00971304070699455,0.222235480244323
20.1813203297124,0.00994541864470068,0.222040161315192
20.2971330145215,0.0101869229842312,0.221845022128736
20.4136103029215,0.0104371714077886,0.221650062458512
20.5307560088121,0.0106957815978984,0.22145528207844
20.6485739679789,0.0109623712364374,0.221260680762801
20.7670680382202,0.0112365580057421,0.221066258286237
20.8862420994721,0.0115179595880814,0.220872014423747
21.0061000539366,0.0118061936657841,0.220677948950692
21.1266458262086,0.0121008779207465,0.220484061642792
21.2478833634048,0.012401630036496,0.220290352276123
21.369816635293,0.0127080676858024,0.220096820627114
21.4924496344217,0.0130198086366052,0.219903466472603
21.6157863762513,0.0133364697137354,0.219710289589271
21.7398308992851,0.0136576546307139,0.219517289747014
21.8645872652021,0.0139829527855548,0.219324466708323
21.9900595589893,0.0143119532941612,0.219131820235944
22.1162518890763,0.0146442451772653,0.218939350092978
22.2431683874689,0.0149794174756829,0.218747056042947
22.3708132098852,0.0153170592270138,0.218554937849776
22.4991905358911,0.015656759468504,0.218362995277797
22.6283045690377,0.0159981072371234,0.218171228091747
22.7581595369982,0.0163406915704809,0.217979636056769
22.8887596917072,0.0166841015059698,0.21778821893841
23.0201093094992,0.0170279260806749,0.217596976502618
23.152212691249,0.0173717543317858,0.217405908515745
23.2850741625124,0.0177151752969293,0.217215014744547
23.4186980736679,0.0180577780133035,0.217024294956178
23.5530888000591,0.0183991515180204,0.216833748918195
23.688250742138,0.0187388848501807,0.216643376398553
23.8241883256091,0.0190765670425917,0.216453177165606
23.9609060015742,0.0194117871363838,0.216263150988108
24.0984082466782,0.0197441341679894,0.216073297635209
24.2366995632559,0.0200731971749599,0.215883616876458
24.3757844794791,0.0203985651940102,0.215694108481799
24.5156675495049,0.0207198272626429,0.21550477222157
24.6563533536251,0.0210365724180009,0.215315607866507
24.797846498416,0.0213483896979811,0.215126615187738
24.9401516168892,0.0216548681334219,0.214937793956785
25.0832733686432,0.0219556284922865,0.214749143941289
25.2272164400162,0.0222504003407454,0.214560664894644
25.3719855442395,0.0225389366282121,0.214372356567559
25.5175854215919,0.0228209902948177,0.214184218711211
25.6640208395545,0.023096314281666,0.213996251077245
25.8112965929673,0.0233646615284522,0.21380845341777
25.959417504186,0.0236257849769946,0.213620825485364
26.1083884232399,0.023879437566796,0.213433367033066
26.2582142279907,0.0241253722387656,0.213246077814382
26.4088998242922,0.0243633419333293,0.213058957583278
26.5604501461511,0.0245930995908915,0.212872006094184
26.7128701558882,0.0248143981523828,0.21268522310199
26.8661648443013,0.0250269905577095,0.212498608362047
27.0203392308284,0.0252306297483607,0.212312161630164
27.1753983637121,0.0254250686639275,0.212125882662611
27.3313473201648,0.0256100602452705,0.211939771216114
27.4881912065351,0.0257853574330825,0.211753827047857
27.645935158475,0.0259507131676651,0.211568049915478
27.8045843411078,0.0261058803897023,0.211382439577074
27.9641439491976,0.026250612039558,0.211196995791192
28.124619207319,0.0263846610582148,0.211011718316836
28.2860153700288,0.0265077803854035,0.210826606913461
28.4483377220371,0.0266197229921975,0.210641661340974
28.6115915783813,0.0267202434881308,0.210456881359684
28.7757822845996,0.0268090906934101,0.210272266730521
28.9409152169059,0.0268860332292106,0.210087817214278
29.1069957823666,0.0269510395117494,0.20990353256625
29.2740294190766,0.0270042298845114,0.209719412537687
29.4420215963382,0.0270457292121406,0.209535456880191
29.6109778148397,0.0270756624979249,0.209351665345842
29.7809036068361,0.0270941547287926,0.209168037687207
29.9518045363292,0.0271013308937098,0.208984573657336
30.123686199251,0.0270973159824316,0.208801273009757
30.296554223646,0.0270822349864901,0.208618135498486
30.470414269856,0.0270562128937757,0.208435160878014
30.6452720307053,0.0270193746947614,0.208252348903312
30.821133231687,0.0269718453790961,0.208069699329832
30.9980036311506,0.0269137499368815,0.207887211913503
31.1758890204904,0.0268452133579117,0.207704886410729
31.3547952243356,0.0267663606318111,0.207522722578391
31.5347281007402,0.0266773167487015,0.207340720173845
31.7156935413755,0.0265782066981696,0.207158878954922
31.8976974717229,0.0264691554699289,0.206977198679925
32.0807458512677,0.0263502880547516,0.206795679107629
32.2648446736941,0.0262217294401501,0.206614319997282
32.4499999670822,0.0260836046191312,0.206433121108603
32.6362177941046,0.025936038578535,0.206252082201778
32.8235042522251,0.0257791563104939,0.206071203037464
33.0118654738987,0.0256130828036521,0.205890483376786
33.2013076267721,0.0254379430477349,0.205709922981334
33.3918369138855,0.025253861985916,0.205529521613171
33.5834595738761,0.0250609452671856,0.205349279035904
33.7761818811822,0.0248592492346633,0.205169195016367
33.9700101462487,0.0246488225721519,0.204989269322274
34.1649507157334,0.0244297139536978,0.204809501721784
34.3610099727153,0.0242019720296127,0.204629891983508
34.5581943369034,0.0239656454601682,0.204450439876502
34.7565102648467,0.0237207829059105,0.204271145170264
34.9559642501461,0.0234674330272492,0.204092007634742
35.1565628236665,0.0232056444842121,0.203913027040324
35.3583125537509,0.0229354659372348,0.203734203157841
35.5612200464355,0.0226569460469872,0.203555535758569
35.765291945666,0.0223701334730648,0.203377024614221
35.9705349335149,0.0220750768781261,0.203198669496956
36.1769557304008,0.0217718249198856,0.203020470179368
36.3845610953078,0.0214604262601756,0.202842426434491
36.5933578260074,0.0211409295608167,0.202664538035801
36.8033527592808,0.0208133834787623,0.202486804757204
37.0145527711429,0.0204778366769987,0.202309226373049
37.226964777067,0.0201343378150631,0.202131802658118
37.440595732212,0.0197829355566735,0.201954533387629
37.6554526316495,0.0194236785593953,0.201777418337233
37.8715425105932,0.0190566154787502,0.201600457283013
38.088872444629,0.0186817949778038,0.201423650001488
38.3074495499469,0.0182992659033833,0.201246996269648
38.5272809835738,0.0179090729246534,0.201070495863969
38.7483739436083,0.017511301476612,0.200894148570591
38.9707356694557,0.0171062743615822,0.200717954229744
39.1943734420656,0.0166944825730673,0.200541912719887
39.41929458417,0.0162764137051208,0.200366023918785
39.6455064605233,0.0158525560039262,0.200190287704432
39.8730164781432,0.0154233976501829,0.200014703954885
40.1018320865536,0.0149894268228392,0.199839272548284
40.3319607780282,0.0145511316972685,0.199663993362844
40.5634100878357,0.0141090004488995,0.19948886627686
40.796187594487,0.0136635212560342,0.199313891168709
41.0303009199831,0.0132151822928412,0.199139067916845
41.2657577300646,0.0127644717379774,0.198964396399804
41.5025657344627,0.0123118777669815,0.198789876496199
41.7407326871518,0.0118578885571503,0.198615508084725
41.9802663866035,0.0114029922834577,0.198441291044152
42.2211746760415,0.0109476771248439,0.198267225253335
42.4634654436988,0.0104924312539747,0.198093310591203
42.7071466230759,0.0100377428520036,0.197919546936769
42.9522261932004,0.00958410009274191,0.197745934169122
43.1987121788887,0.00913199115120718,0.197572472167431
43.4466126510081,0.00868190427306211,0.197399160810965
43.6959357267419,0.00823432792316866,0.19722599997913
43.9466895698542,0.00778975000058826,0.197052989551258
44.1988823909582,0.00734865831545939,0.196880129406732
44.4525224477844,0.00691154067792064,0.196707419425016
44.7076180454512,0.00647888552326753,0.196534859485828
44.9641775367367,0.00605120888014671,0.196362449476595
45.2222093223525,0.00562907229464403,0.196190189297377
45.4817218512184,0.00521304480883951,0.196018078850312
45.7427236207396,0.00480369517592459,0.195846118037459
46.005223177084,0.00440159215017234,0.195674306760879
46.2692291154632,0.00400730447837297,0.19550264492263
46.5347500804131,0.003621400912383,0.195331132424777
46.8017947660769,0.00324445020343244,0.195159769169381
47.0703719164907,0.00287702110160725,0.19498855505851
47.3404903258686,0.00251968235878149,0.194817489994231
47.6121588388917,0.00217300272539182,0.194646573878614
47.885386350997,0.00183755095144345,0.19447580661373
48.1601818086689,0.00151389578783205,0.194305188101653
48.4365542097323,0.00120260598642604,0.194134718244462
48.7145126036471,0.000904250294447967,0.193964396944233
48.9940660918045,0.000619397470578768,0.193794224103051
49.2752238278249,0.000348616258181058,0.193624199623
49.5579950178577,9.24754080887484e-05,0.193454323406168
49.842388920883,-0.000148456319634597,0.193284595354646
50.1284148490144,-0.000373610206281414,0.193115015370529
50.4160821678042,-0.000582417452758326,0.192945583355916
50.7054002965497,-0.000774309186523941,0.192776299212911
50.9963787086021,-0.000948717059767757,0.192607162843611
51.2890269316763,-0.00110507268815621,0.192438174150117
51.5833545481631,-0.00124278772035446,0.192269333034956
51.8793711954428,-0.00136138734879702,0.192100639398269
52.1770865662009,-0.00146065873309788,0.191932093134708
52.4765104087455,-0.00154056349198981,0.191763694135294
52.7776525273263,-0.00160107669497565,0.191595442290808
53.0805227824557,-0.00164216641855164,0.191427337492224
53.3851310912318,-0.00166380037783006,0.19125937963057
53.6914874276631,-0.00166594621282079,0.191091568596916
53.999601822995,-0.00164857165761814,0.190923904282376
54.3094843660382,-0.00161164444708762,0.190756386578107
54.6211452034991,-0.00155513228263176,0.190589015375313
54.9345945403123,-0.00147900282802089,0.190421790565242
55.2498426399741,-0.00138322426702362,0.190254712039175
55.5668998248795,-0.00126776239158959,0.190087779688487
55.8857764766593,-0.00113258373560282,0.189920993404581
56.2064830365205,-0.000977659518579303,0.189754353078814
56.5290300055882,-0.000802961359880125,0.189587858602578
56.8534279452492,-0.000608460807181114,0.189421509867313
57.1796874774981,-0.000394123252511364,0.189255306764624
57.5078192852848,-0.000159903292613164,0.189089249186372
57.8378341128645,9.42455681994386e-05,0.188923337024485
58.1697427661497,0.000368368829590102,0.188757570170916
58.5035561130634,0.000662490193847532,0.188591948517232
58.8392850838956,0.000976612165877085,0.188426471954633
59.176940671661,0.00131073637458945,0.188261140374348
59.5165339324587,0.00166486444889532,0.188095953667653
59.8580759858346,0.00203899801770538,0.187930911725873
60.2015780151452,0.00243309963697469,0.187766014439616
60.5470512679239,0.0028466088231309,0.187601261689348
60.8945070562493,0.00327888042589275,0.18743665335397
61.2439567571157,0.0037293641342144,0.187272189314322
61.5954118128054,0.00419749552869111,0.187107869451054
61.9488837312635,0.0046827018098562,0.186943693644739
62.3043840864745,0.00518441023748498,0.186779661776037
62.6619245188418,0.0057020505875955,0.186615773725744
63.0215167355683,0.00623505456120216,0.18645202937478
63.3831725110399,0.00678285387164887,0.18628842860415
63.7469036872113,0.00734487907677481,0.186124971294923
64.1127221739934,0.00792056060064835,0.185961657328253
64.4806399496432,0.00850932911158628,0.185798486585381
64.8506690611567,0.00911061528447411,0.185635458947638
65.2228216246626,0.00972384979197967,0.185472574296439
65.5971098258192,0.0103484633068171,0.185309832513285
65.9735459202137,0.0109838864999519,0.185147233479763
66.3521422337633,0.0116295500465625,0.184984777077544
66.7329111631187,0.0122848846174457,0.184822463188388
67.1158651760702,0.0129493208866205,0.184660291694139
67.5010168119559,0.0136222895291485,0.184498262476726
67.8883786820721,0.0143032212101425,0.184336375418163
68.2779634700866,0.0149915466121552,0.184174630400552
68.6697839324536,0.0156866962678564,0.18401302730607
69.0638528988317,0.0163881013334189,0.18385156601702
69.4601832725037,0.0170951715334729,0.183690246414423
69.8587880307996,0.0178072105792303,0.183529068372639
70.2596802255209,0.0185234864821949,0.18336803176387
70.6628729833685,0.0192432673269366,0.183207136460446
71.0683795063721,0.0199658211879359,0.183046382334813
71.4762130723228,0.0206904161541282,0.182885769259545
71.8863870352078,0.0214163203044146,0.182725297107331
72.2989148256473,0.0221428017212299,0.182564965750986
72.713809951335,0.0228691284905062,0.182404775063445
73.1310859974795,0.0235945686900414,0.182244724917761
73.5507566272499,0.0243183904060214,0.182084815187111
73.9728355822228,0.0250398617122166,0.181925045744788
74.3973366828322,0.0257582507006394,0.181765416464211
74.8242738288224,0.0264728254499389,0.181605927218917
75.2536609997026,0.0271828540412989,0.181446577882561
75.6855122552051,0.0278876045560462,0.181287368328921
76.1198417357455,0.028586345080273,0.181128298431894
76.5566636628856,0.029278343692849,0.180969368065497
76.9959923397991,0.0299628684765869,0.180810577103866
77.4378421517403,0.0306391875182219,0.180651925421258
77.8822275665146,0.0313065688869969,0.180493412892044
78.3291631349524,0.0319642806813319,0.180335039390726
78.7786634913859,0.0326115909734089,0.180176804791913
79.2307433541277,0.0332477678478313,0.180018708970339
79.6854175259532,0.0338720803483402,0.179860751800862
80.1427008945851,0.0344838119590547,0.179702933158531
80.6026084331808,0.0350827984777013,0.179545252921356
81.0651552008229,0.0356694695621766,0.179387710970505
81.5303563430121,0.0362442914825985,0.179230307187429
81.9982270921632,0.0368077294895578,0.179073041453675
82.4687827681039,0.037360248833112,0.178915913650885
82.9420387785765,0.037902314767097,0.178758923660796
83.4180106197419,0.0384343925411084,0.178602071365243
83.8967138766878,0.0389569474093516,0.17844535664616
84.3781642239383,0.0394704446217123,0.178288779385572
84.8623774259678,0.0399753494321476,0.178132339465606
85.3493693377165,0.0404721270934134,0.177976036768482
85.83915590511,0.0409612428440072,0.177819871176516
86.3317531655814,0.0414431620811012,0.177663842572124
86.8271772485963,0.0419183499858809,0.177507950837814
87.3254443761809,0.0423872715631553,0.17735219585619
87.8265708634533,0.0428503918252687,0.177196577509953
88.3305731191577,0.0433081766536958,0.177041095681904
88.8374676462016,0.0437610780065222,0.176885750254861
89.3472710421962,0.0442095951981157,0.176730541112003
89.86,0.0446541707677512,0.176575468136289
