"age","Valence_1_p025","Valence_1_p10","Valence_1_p25","Valence_1_p50","Valence_1_p75","Valence_1_p90","Valence_1_p975"
5.17,-0.310915498683716,0.040516,0.040516,0.351414674381332,1.15593297281127,1.15593297281127,1.46887156939033
5.19966860297942,-0.311229347579979,0.029137748014006,0.0350567924060178,0.3402829064992,1.12871796897646,1.12871796897646,1.44113879617668
5.22950746243906,-0.311673850687474,0.0179521126267199,0.0296921051676813,0.329359294679303,1.10196414817557,1.10196414817557,1.41391639659051
5.25951755541411,-0.312246909074166,0.00695772387618062,0.0244212324457908,0.31864205475186,1.07566770641021,1.07566770641021,1.38719977799163
5.28969986454658,-0.312946423808022,-0.00384678819957399,0.0192434684011464,0.308129402547088,1.04982483968203,1.05230365982129,1.36098434773983
5.32005537811748,-0.313770295957006,-0.0144627935625049,0.0141581071945486,0.297819553895206,1.02443174399264,1.03002375332282,1.33526551319491
5.35058509007916,-0.314716426589085,-0.0248916621745736,0.0091644429867978,0.287710724626435,0.999484615343678,1.00816835656813,1.31003868171668
5.38129000008789,-0.315782716772223,-0.0351347639977408,0.00426176993869445,0.277801130570993,0.974979649736778,0.986733515697182,1.28529926066492
5.41217111353658,-0.316967067574388,-0.045193468993969,-0.000550617788961467,0.268088987559097,0.950913043173566,0.965715276849934,1.26104265739944
5.44322944158769,-0.318267380063544,-0.055069147125219,-0.00527342603536942,0.258572511420968,0.927280991655673,0.945109686166347,1.23726427928004
5.47446600120632,-0.319681555307657,-0.0647631683534522,-0.00990736063972905,0.249249917986824,0.904079691184729,0.924912789786382,1.21395953366651
5.50588181519358,-0.321207494374693,-0.0742769026406296,-0.0144531274412399,0.240119423086884,0.881305337762365,0.905120633849999,1.19112382791866
5.53747791222,-0.322843098332616,-0.0836117199487134,-0.0189114322791019,0.231179242551366,0.858954127390208,0.885729264497158,1.16875256939628
5.56925532685926,-0.324586268249394,-0.0927689902396646,-0.0232829809925145,0.22242759221049,0.837022256069891,0.866734727867819,1.14684116545917
5.60121509962204,-0.326434905192991,-0.101750083475444,-0.0275684794206775,0.213862687894475,0.815505919803042,0.848133070101942,1.12538502346714
5.63335827699013,-0.328386910231374,-0.110556369618014,-0.0317686334027903,0.205482745433539,0.794401314591294,0.82992033733949,1.10437955077997
5.66568591145064,-0.330440184432507,-0.119189218629336,-0.0358841487780529,0.1972859806579,0.773704636436273,0.812092575720419,1.08382015475748
5.69819906153051,-0.332592628864357,-0.12765000047137,-0.0399157313856648,0.189270609397779,0.753412081339611,0.794645831384692,1.06370224275945
5.73089879183114,-0.334842144594888,-0.135940085106079,-0.0438640870648257,0.181434847483393,0.733519845302938,0.777576150472269,1.04402122214569
5.76378617306326,-0.337186632692068,-0.144060842495423,-0.0477299216547351,0.173776910744962,0.714024124327885,0.76087957912311,1.02477250027599
5.796862282082,-0.33962399422386,-0.152013642601364,-0.0515139409945927,0.166295015012704,0.69492111441608,0.744552163477176,1.00595148451016
5.83012820192213,-0.342152130258232,-0.159799855385864,-0.0552168509235984,0.158987376116839,0.676207011569155,0.728589949674425,0.987553582207998
5.86358502183353,-0.344768941863148,-0.167420850810883,-0.0588393572809517,0.151852209887585,0.657878011788738,0.71298898385482,0.969574200729295
5.89723383731687,-0.347472330106574,-0.174877998838384,-0.0623821659058521,0.14488773215516,0.63993031107646,0.69774531215832,0.952008747433853
5.93107575015945,-0.350260196056477,-0.182172669430327,-0.0658459826374996,0.138092158749785,0.622360105433951,0.682854980724885,0.934852629681472
5.96511186847132,-0.35313044078082,-0.189306232548674,-0.0692315133150936,0.131463705501676,0.605163590862841,0.668314035694476,0.91810125483195
5.99934330672151,-0.356080965347571,-0.196280058155387,-0.0725394637778339,0.125000588241054,0.58833696336476,0.654118523207053,0.901750030245086
6.03377118577458,-0.359109670824695,-0.203095516212426,-0.07577053986492,0.118701022798138,0.571876418941339,0.640264489402576,0.885794363280679
6.06839663292727,-0.362214458280156,-0.209753976681753,-0.0789254474155515,0.112563225003146,0.555778153594206,0.626747980421007,0.870229661298529
6.10322078194544,-0.365393228781922,-0.21625680952533,-0.0820048922689284,0.106585410686296,0.540038363324992,0.613565042402303,0.855051331658433
6.1382447731012,-0.368643883397958,-0.222605384705118,-0.0850095802642502,0.100765795677808,0.524653244135328,0.600711721486427,0.84025478172019
6.17346975321022,-0.371964323196229,-0.228801072183078,-0.0879402172407165,0.0951025958079008,0.509618992026842,0.588184063813338,0.825835418843601
6.2088968756693,-0.3753524492447,-0.234845241921171,-0.0907975090375268,0.0895940269067931,0.494931803001165,0.575978115522998,0.811788650388463
6.24452730049414,-0.378806162611339,-0.240739263881359,-0.0935821614938811,0.0842383048047034,0.480587873059928,0.564089922755365,0.798109883714576
6.28036219435729,-0.382323364364109,-0.246484508025604,-0.0962948804489789,0.0790336453318509,0.466583398204759,0.5525155316504,0.784794526181738
6.31640273062641,-0.385901955570977,-0.252082344315867,-0.0989363717420199,0.0739782643184541,0.452914574437289,0.541250988348064,0.771837985149748
6.35265008940263,-0.389539837299909,-0.257534142714108,-0.101507341212204,0.0690703775947325,0.43957759775915,0.530292338988317,0.759235667978406
6.38910545755924,-0.39323491061887,-0.26284127318229,-0.10400849469873,0.0643082009909041,0.426568664171968,0.519635629711119,0.74698298202751
6.42577002878051,-0.396985076595825,-0.268005105682374,-0.106440538040798,0.0596899503371881,0.413883969677376,0.50927690665643,0.735075334656858
6.46264500360081,-0.400788236298741,-0.273027010176322,-0.108804177077608,0.0552138414638035,0.401519710277003,0.499212215964211,0.72350813322625
6.4997315894439,-0.404642290795582,-0.277908356626093,-0.11110011764836,0.050878090200969,0.389472081972479,0.489437603774422,0.712276785095486
6.53703100066247,-0.408545141154315,-0.282650514993651,-0.113329065592253,0.0466809123789033,0.377737280765434,0.479949116227023,0.701376697624362
6.57454445857791,-0.412494688442906,-0.287254855240957,-0.115491726748486,0.0426205238278254,0.366311502657498,0.470742799461975,0.69080327817268
6.61227319152028,-0.416488833729319,-0.291722747329971,-0.11758880695626,0.038695140377954,0.355190943650302,0.461814699619237,0.680551934100236
6.65021843486858,-0.420525478081521,-0.296055561222655,-0.119621012054774,0.034902977859508,0.344371799745474,0.453160862838771,0.670618072766831
6.68838143109112,-0.424602522567477,-0.300254666880971,-0.121589047883228,0.0312422521027065,0.333850266944646,0.444777335260536,0.660997101532264
6.72676342978627,-0.428717868255152,-0.30432143426688,-0.123493620280821,0.0277111789377678,0.323622541249447,0.436660163024493,0.651684427756332
6.76536568772337,-0.432869416212513,-0.308257233342343,-0.125335435086753,0.0243079741949111,0.313684818661507,0.428805392270602,0.642675458798836
6.80418946888385,-0.437055067507525,-0.312063434069322,-0.127115198140224,0.0210308537043553,0.304033295182456,0.421209069138823,0.633965602019574
6.84323604450262,-0.441272723208154,-0.315741406409778,-0.128833615280434,0.0178780332963189,0.294664166813924,0.413867239769117,0.625550264778344
6.88250669310974,-0.445520284382365,-0.319292520325673,-0.130491392346581,0.014847728801021,0.285573629557542,0.406775950301443,0.617424854434946
6.92200270057223,-0.449795652098123,-0.322718145778967,-0.132089235177866,0.0119381560486803,0.276757879414938,0.399931246875762,0.609584778349178
6.9617253601362,-0.454096727423396,-0.326019652731623,-0.133627849613489,0.00914753086951566,0.268213112387744,0.393329175632035,0.60202544388084
7.00167597246921,-0.458421411426147,-0.329198411145601,-0.135107941492648,0.00647406909374607,0.259935524477589,0.386965782710222,0.594742258389731
7.04185584570281,-0.462767605174343,-0.332255790982863,-0.136530216654544,0.00391598655159019,0.251921311686104,0.380837114250282,0.587730629235649
7.08226629547544,-0.46713320973595,-0.33519316220537,-0.137895380938377,0.00147149907326685,0.244166670014917,0.374939216392177,0.580985963778393
7.12290864497543,-0.471516126178933,-0.338011894775085,-0.139204140183345,-0.000861177511005016,0.23666779546566,0.369268135275867,0.574503669377762
7.16378422498442,-0.475914255571257,-0.340713358653967,-0.140457200228649,-0.00308382737100658,0.229420884039962,0.363819917041311,0.568279153393556
7.20489437392084,-0.480325498980889,-0.343298923803979,-0.141655266913489,-0.00519823467651915,0.222422131739453,0.35859060782847,0.562307823185572
7.2462404378838,-0.484747757475794,-0.345769960187082,-0.142799046077063,-0.00720618359732375,0.215667734565764,0.353576253777305,0.55658508611361
7.28782377069714,-0.489178932123937,-0.348127837765237,-0.143889243558572,-0.00910945830320158,0.209153888520523,0.348772901027775,0.551106349537468
7.32964573395378,-0.493616923993285,-0.350373926500406,-0.144926565197216,-0.010909842963934,0.202876789605362,0.344176595719841,0.545867020816946
7.37170769706025,-0.498059634151802,-0.352509596354549,-0.145911716832193,-0.0126091217493017,0.196832633821911,0.339783383993464,0.540862507311843
7.41401103728161,-0.502504963667455,-0.35453621728963,-0.146845404302704,-0.0142090788290863,0.191017617171798,0.335589311988602,0.536088216381957
7.45655713978647,-0.506950813608209,-0.356455159267608,-0.147728333447948,-0.0157114983730687,0.185427935656655,0.331590425845218,0.531539555387088
7.4993473976924,-0.51139508504203,-0.358267792250445,-0.148561210107125,-0.0171181645510303,0.180059785278111,0.327782771703271,0.527211931687033
7.54238321211153,-0.515835679036883,-0.359975486200102,-0.149344740119435,-0.018430861532752,0.174909362037797,0.324162395702722,0.523100752641593
7.5856659921964,-0.520270496660734,-0.361579611078542,-0.150079629324077,-0.0196513734880152,0.169972861937341,0.320725343983529,0.519201425610566
7.62919715518614,-0.524697438981549,-0.363081536847725,-0.15076658356025,-0.020781484586601,0.165246480978375,0.317467662685655,0.51550935795375
7.67297812645286,-0.529114407067293,-0.364482633469613,-0.151406308667156,-0.0218229789982905,0.160726415162529,0.314385397949059,0.512019957030945
7.71701033954831,-0.533519301985932,-0.365784270906167,-0.151999510483992,-0.0227776408928649,0.156408860491431,0.311474595913701,0.50872863020195
7.76129523625085,-0.537910024805431,-0.366987819119348,-0.15254689484996,-0.0236472544401052,0.152290012966714,0.308731302719543,0.505630784826564
7.80583426661263,-0.542284476593757,-0.368094648071118,-0.153049167604258,-0.0244336038097929,0.148366068590005,0.306151564506543,0.502721828264585
7.85062888900708,-0.546640558418874,-0.369106127723439,-0.153507034586086,-0.025138473171709,0.144633223362936,0.303731427414663,0.499997167875812
7.89568057017665,-0.55097617134875,-0.370023628038271,-0.153921201634644,-0.0257636466956347,0.141087673287136,0.301466937583862,0.497452211020045
7.94099078528089,-0.555289216451347,-0.370848518977576,-0.154292374589132,-0.0263109085513509,0.137725614364235,0.299354141154102,0.495082365057081
7.98656101794466,-0.559577594794634,-0.371582170503315,-0.154621259288748,-0.0267820429086392,0.134543242595864,0.297389084265341,0.492883037346721
8.03239276030681,-0.563839207446575,-0.37222595257745,-0.154908561572694,-0.0271788339372806,0.131536753983652,0.295567813057541,0.490849635248763
8.07848751306896,-0.568071955475136,-0.372781235161942,-0.155154987280168,-0.0275030658070561,0.12870234452923,0.293886373670662,0.488977566123005
8.12484678554468,-0.572273739948283,-0.373249388218753,-0.15536124225037,-0.027756522687747,0.126036210234227,0.292340812244664,0.487262237329248
8.17147209570888,-0.576442461933981,-0.373631781709844,-0.1555280323225,-0.0279409887491345,0.123534547100273,0.290927174919507,0.485699056227288
8.21836497024756,-0.580576022500195,-0.373929785597176,-0.155656063335758,-0.0280582481609996,0.121193551128999,0.289641507835152,0.484283430176927
8.26552694460776,-0.584672322714892,-0.37414476984271,-0.155746041129342,-0.0281100850931238,0.119009418322035,0.288479857131559,0.483010766537962
8.31295956304785,-0.588729263646038,-0.374278104408409,-0.155798671542454,-0.028098283715288,0.116978344681009,0.287438268948688,0.481876472670192
8.36066437868809,-0.592744746361597,-0.374331159256233,-0.155814660414291,-0.0280246281972734,0.115096526207553,0.286512789426499,0.480875955933416
8.40864295356149,-0.596716671929535,-0.374305304348144,-0.155794713584055,-0.0278909027088611,0.113360158903297,0.285699464704953,0.480004623687434
8.45689685866496,-0.600642941417818,-0.374201909646103,-0.155739536890945,-0.0276988914198324,0.11176543876987,0.28499434092401,0.479257883292044
8.50542767401073,-0.604521455894413,-0.374022345112072,-0.15564983617416,-0.0274503784999685,0.110308561808902,0.284393464223631,0.478631142107044
8.55423698867811,-0.608350116427283,-0.373767980708011,-0.1555263172729,-0.0271471481190503,0.108985724022025,0.283892880743775,0.478119807492235
8.60332640086553,-0.612126824084395,-0.373440186395883,-0.155369686026365,-0.0267909844468594,0.107793121410866,0.283488636624403,0.477719286807413
8.65269751794283,-0.615849479933715,-0.373040332137649,-0.155180648273755,-0.0263836716531765,0.106726949977057,0.283176778005476,0.47742498741238
8.70235195650393,-0.619515985043208,-0.37256978789527,-0.154959909854268,-0.0259269939077831,0.105783405722227,0.282953351026953,0.477232316666933
8.75229134241973,-0.62312424048084,-0.372029923630707,-0.154708176607105,-0.0254227353804602,0.104958684648007,0.282814401828794,0.477136681930872
8.80251731089138,-0.626672147314576,-0.371422109305922,-0.154426154371465,-0.024872680240989,0.104248982756027,0.28275597655096,0.477133490563995
8.85303150650382,-0.630157606612382,-0.370747714882876,-0.154114548986549,-0.0242786126591508,0.103650496047915,0.282774121333412,0.4772181499261
8.9038355832796,-0.633578519442224,-0.370008110323531,-0.153774066291555,-0.0236423168047265,0.103159420525304,0.28286488231611,0.477386067376989
8.95493120473305,-0.636932786872068,-0.369204665589848,-0.153405412125684,-0.0229655768474975,0.102771952189822,0.283024305639013,0.477632650276458
9.00632004392478,-0.640218309969878,-0.368338750643788,-0.153009292328134,-0.0222501769572448,0.102484287043099,0.283248437442083,0.477953305984307
9.05800378351642,-0.643432989803621,-0.367411735447313,-0.152586412738106,-0.0214979013037497,0.102292621086767,0.283533323865279,0.478343441860334
9.10998411582575,-0.646574727441262,-0.366424989962385,-0.1521374791948,-0.0207105340567934,0.102193150322453,0.283875011048561,0.47879846526434
9.16226274288208,-0.649641423950767,-0.365379884150963,-0.151663197537414,-0.0198898593861568,0.102182070751789,0.284269545131891,0.479313783556122
9.21484137648203,-0.652630980400102,-0.364277787975011,-0.151164273605149,-0.0190376614616214,0.102255578376405,0.284712972255228,0.479884804095479
9.2677217382455,-0.655541297857231,-0.363120071396489,-0.150641413237205,-0.0181557244529681,0.10240986919793,0.285201338558533,0.480506934242211
9.32090555967215,-0.658370277390122,-0.361908104377358,-0.15009532227278,-0.0172458325299783,0.102641139217995,0.285730690181765,0.481175581356116
9.37439458219798,-0.661115820066738,-0.360643256879581,-0.149526706551075,-0.0163097698624329,0.102945584438229,0.286297073264886,0.481886152796993
9.42819055725246,-0.663775826955047,-0.359326898865118,-0.14893627191129,-0.0153493206201133,0.103319400860264,0.286896533947855,0.482634055924642
9.48229524631579,-0.666348199123014,-0.357960400295931,-0.148324724192623,-0.0143662689728005,0.103758784485727,0.287525118370633,0.48341469809886
9.53671042097664,-0.668830837638603,-0.356545131133981,-0.147692769234275,-0.0133623990902757,0.10425993131625,0.28817887267318,0.484223486679447
9.59143786299011,-0.671221643569782,-0.35508246134123,-0.147041112875445,-0.0123394951423202,0.104819037353463,0.288853842995456,0.485055829026202
9.64647936433611,-0.673518517984515,-0.353573760879638,-0.146370460955333,-0.011299341298715,0.105432298598996,0.289546075477422,0.485907132498923
9.70183672727802,-0.675719361950769,-0.352020399711168,-0.145681519313138,-0.0102437217292414,0.106095911054478,0.290251616259038,0.486772804457411
9.75751176442169,-0.677822076536508,-0.350423747797781,-0.144974993788061,-0.00917442060368041,0.10680607072154,0.290966511480263,0.487648252261462
9.81350629877481,-0.679824562809699,-0.348785175101437,-0.144251590219301,-0.00809322209181333,0.107558973601811,0.29168680728106,0.488528883270877
9.86982216380661,-0.681724721838306,-0.3471060515841,-0.143512014446057,-0.00700191036342124,0.108350815696923,0.292408549801387,0.489410104845454
9.92646120350786,-0.683520454690297,-0.345387747207729,-0.142756972307529,-0.00590226958828542,0.109177793008503,0.293127785181204,0.490287324344993
9.98342527245127,-0.685209662433636,-0.343631631934286,-0.141987169642918,-0.00479608393618708,0.110036101538183,0.293840559560474,0.491155949129291
10.0407162358523,-0.686790246136288,-0.341839075725733,-0.141203312291422,-0.00368513757690714,0.110921937287594,0.294542919079154,0.492011386558148
10.0983359696299,-0.688260106866221,-0.340011448544031,-0.140406106092241,-0.0025712146802269,0.111831496258363,0.295230909877207,0.492849043991363
10.1562863604686,-0.689617145691398,-0.338150120351141,-0.139596256884574,-0.00145609941592749,0.112760974452123,0.295900578094592,0.493664328788735
10.2145693058794,-0.690859263679787,-0.336256461109025,-0.138774470507623,-0.000341575953790058,0.113706567870502,0.296547969871269,0.494452648310062
10.2731867142627,-0.691984361899352,-0.334331840779645,-0.137941452800585,0.00077057153640403,0.114664472515131,0.297169131347199,0.495209409915144
10.3321405049705,-0.692990341418059,-0.332377629324961,-0.137097909602662,0.00187855888487375,0.115630884387639,0.297760108662342,0.495930020963779
10.3914326083688,-0.693875103303874,-0.330395196706934,-0.136244546753051,0.00298060192183801,0.116601999489658,0.298316947956658,0.496609888815767
10.4510649659017,-0.694636548624762,-0.328385912887527,-0.135382070090954,0.00407491647751561,0.117574013822816,0.298835695370108,0.497244420830906
10.5110395301542,-0.69527257844869,-0.326351147828701,-0.13451118545557,0.00515971838212538,0.118543123388743,0.299312397042651,0.497829024368994
10.5713582649165,-0.695781093843621,-0.324292271492416,-0.133632598686098,0.00623322346588608,0.119505524189071,0.299743099114249,0.498359106789832
10.6320231452483,-0.696159995877524,-0.322210653840635,-0.132747015621738,0.00729364755901664,0.120457412225428,0.300123847724861,0.498830075453218
10.6930361575431,-0.696407185618362,-0.320107664835319,-0.131855142101691,0.00833920649173577,0.121394983499445,0.300450689014448,0.499237337718951
10.7543992995939,-0.696520564134102,-0.31798467443843,-0.130957683965154,0.00936811609426237,0.122314434012752,0.30071966912297,0.499576300946829
10.8161145806581,-0.696498032492709,-0.315843052611927,-0.130055347051329,0.0103785921968154,0.123211959766979,0.300926834190387,0.499842372496652
10.8781840215234,-0.696337491762148,-0.313684169317774,-0.129148837199414,0.0113688506296135,0.124083756763755,0.301068230356659,0.500030959728218
10.940609654574,-0.696036843010386,-0.311509394517931,-0.12823886024861,0.0123371072228755,0.124926021004711,0.301139903761748,0.500137470001327
11.0033935238572,-0.695593987305389,-0.30932009817436,-0.127326122038116,0.0132815778068203,0.125734948491477,0.301137900545612,0.500157310675777
11.0665376851504,-0.695006825715121,-0.307117650249022,-0.126411328407131,0.0142004782116669,0.126506735225683,0.301058266848213,0.500085889111367
11.130044206028,-0.694273259307548,-0.304903420703878,-0.125495185194856,0.0150920242676339,0.127237577208958,0.300897048809511,0.499918612667896
11.1939151659298,-0.693391189150636,-0.30267877950089,-0.12457839824049,0.0159544318049403,0.127923670442934,0.300650292569466,0.499650888705164
11.2581526562283,-0.692358516312351,-0.300445096602019,-0.123661673383233,0.0167859166538048,0.128561210929239,0.300314044268037,0.499278124582968
11.3227587802978,-0.691173141860659,-0.298203741969227,-0.122745716462284,0.0175846946444463,0.129146394669504,0.299884350045187,0.498795727661108
11.387735653583,-0.689832966863524,-0.295956085564476,-0.121831233316843,0.0183489816070836,0.129675417665359,0.299357256040874,0.498199105299382
11.4530854036682,-0.688335892388912,-0.293703497349725,-0.12091892978611,0.0190769933719355,0.130144475918433,0.298728808395059,0.49748366485759
11.5188101703473,-0.686680429459842,-0.291447262524773,-0.120009444785315,0.0197671953523138,0.130550289535119,0.297995752050952,0.496645599578625
11.5849121056934,-0.684868952547639,-0.289188129406838,-0.119102993334036,0.0204196338179792,0.130892898295354,0.29715925816353,0.495686080479886
11.6513933741296,-0.68290534420547,-0.286926636743137,-0.118199624985854,0.0210349721197861,0.131173637800584,0.296222225642118,0.494608221633467
11.7182561524999,-0.680793490435654,-0.284663322801578,-0.117299388915907,0.0216138750199212,0.131393846615938,0.295187557347602,0.493415141555436
11.78550263014,-0.678537277240507,-0.28239872585007,-0.116402334299335,0.0221570072805711,0.131554863306546,0.29405815614087,0.492109958761864
11.8531350089498,-0.676140590622347,-0.280133384156519,-0.115508510311278,0.0226650336639221,0.131658026437539,0.292836924882808,0.490695791768822
11.9211555034647,-0.673607316583489,-0.277867835988833,-0.114617966126876,0.0231386189321609,0.131704674574047,0.291526766434304,0.489175759092378
11.9895663409286,-0.67094134112625,-0.275602619614921,-0.113730750921269,0.0235784278474737,0.1316961462812,0.290130583656244,0.487552979248603
12.0583697613666,-0.668146550252949,-0.273338273302689,-0.112846913869596,0.0239851251720476,0.131633780124127,0.288651279409516,0.485830570753568
12.1275680176584,-0.6652268299659,-0.271075335320046,-0.111966504146998,0.0243593756680686,0.13151891466796,0.287091756555007,0.484011652123341
12.1971633756124,-0.662186066267422,-0.268814343934899,-0.111089570928615,0.0247018440977234,0.131352888477828,0.285454917953603,0.482099341873994
12.2671581140391,-0.659028145159831,-0.266555837415157,-0.110216163389586,0.0250131952231986,0.131137040118861,0.283743666466192,0.480096758521596
12.3375545248266,-0.655756952645444,-0.264300354028726,-0.109346330705051,0.0252940938066804,0.13087270815619,0.28196090495366,0.478007020582216
12.408354913015,-0.652376374726578,-0.262048432043515,-0.10848012205015,0.0255452046103558,0.130561231154944,0.280109536276895,0.475833246571927
12.4795615968722,-0.64889029740555,-0.259800609727431,-0.107617586600022,0.0257671923964109,0.130203947680254,0.278192463296784,0.473578555006796
12.5511769079698,-0.645302606684676,-0.257557425348383,-0.106758773529809,0.0259607219270325,0.12980219629725,0.276212588874214,0.471246064402896
12.6232031912594,-0.641617188566274,-0.255319417174277,-0.105903732014649,0.026126457964407,0.129357315571061,0.274172815870072,0.468838893276294
12.6956428051492,-0.63783792905266,-0.253087123473021,-0.105052511229683,0.0262650652707209,0.128870644066818,0.272076047145244,0.466360160143062
12.7684981215814,-0.633968714146151,-0.250861082512524,-0.10420516035005,0.0263772086081608,0.128343520349651,0.269925185560618,0.463812983519269
12.8417715261099,-0.630013429849064,-0.248641832560693,-0.10336172855089,0.0264635527389131,0.127777282984691,0.267723133977081,0.461200481920986
12.9154654179785,-0.625975962163715,-0.246429911885436,-0.102522265007343,0.0265247624251645,0.127173270537067,0.265472795255521,0.458525773864283
12.9895822101991,-0.621860197092423,-0.244225858754661,-0.101686818894549,0.0265615024291012,0.126532821571909,0.263177072256822,0.455791977865229
13.064124329631,-0.617670020637503,-0.242030211436274,-0.100855439387648,0.0265744375129101,0.125857274654348,0.260838867841875,0.453002212439895
13.1390942170603,-0.613409318801273,-0.239843508198185,-0.10002817566178,0.0265642324387774,0.125147968349513,0.258461084871563,0.45015959610435
13.2144943272799,-0.609081977586049,-0.237666287308301,-0.0992050768920839,0.02653155196889,0.124406241222535,0.256046626206776,0.447267247374666
13.2903271291696,-0.604691882994148,-0.235499087034529,-0.0983861922537005,0.0264770608654339,0.123633431838544,0.2535983947084,0.444328284766911
13.3665951057773,-0.600242921027887,-0.233342445644777,-0.0975715709217692,0.026401423890596,0.122830878762669,0.251119293237322,0.441345826797156
13.4433007544001,-0.595738977689584,-0.231196901406953,-0.09676126207143,0.0263053058065629,0.121999920560043,0.248612224654429,0.438322991981471
13.5204465866661,-0.591183938981553,-0.229062992588965,-0.0959553148778228,0.0261893713755208,0.121141895795793,0.246080091820609,0.435262898835926
13.5980351286167,-0.586581690906114,-0.226941257458721,-0.0951537785160875,0.0260542853596564,0.12025814303505,0.243525797596747,0.432168665876591
13.676068920789,-0.581936119465581,-0.224832234284128,-0.0943567021613638,0.0259007125211561,0.119350000842944,0.240952244843731,0.429043411619536
13.7545505182997,-0.577251110662274,-0.222736461333093,-0.0935641349887917,0.0257293176222066,0.118418807784606,0.238362336422449,0.42589025458083
13.8334824909279,-0.572530550498507,-0.220654476873526,-0.0927761261735111,0.0255407654249942,0.117465902425166,0.235758975193787,0.422712313276546
13.9128674231999,-0.567778324976599,-0.218586819173333,-0.0919927248906618,0.0253357206917056,0.116492623329753,0.233145064018632,0.419512706222751
13.9927079144734,-0.562998320098865,-0.216534026500422,-0.0912139803153836,0.0251148481845272,0.115500309063498,0.230523505757871,0.416294551935516
14.073006579023,-0.558194421867623,-0.214496637122701,-0.0904399416228164,0.0248788126656456,0.114490298191531,0.227897203272392,0.413060968930912
14.1537660461255,-0.55337051628519,-0.212475189308078,-0.0896706579881001,0.0246282788972473,0.113463929278982,0.225269059423081,0.409815075725008
14.234988960146,-0.548530489353882,-0.210470221324461,-0.0889061785863745,0.0243639116415189,0.112422540890981,0.222641977070825,0.406559990833874
14.3166779806247,-0.543678227076016,-0.208482271439756,-0.0881465525927796,0.0240863756606467,0.111367471592659,0.220018859076512,0.40329883277358
14.3988357823639,-0.53881761545391,-0.206511877921873,-0.0873918291824551,0.0237963357168174,0.110300059949145,0.217402608301027,0.400034720060197
14.4814650555153,-0.53395254048988,-0.204559579038718,-0.086642057530541,0.0234944565722175,0.109221644525569,0.21479612760526,0.396770771209795
14.5645685056686,-0.529086888186242,-0.202625913058199,-0.0858972868121771,0.0231814029890334,0.108133563887062,0.212202319850096,0.393510104738443
14.6481488539396,-0.524224544545315,-0.200711418248225,-0.0851575662025033,0.0228578397294519,0.107037156598753,0.209624087896422,0.390255839162212
14.7322088370597,-0.519369395569414,-0.198816632876703,-0.0844229448766595,0.0225244315556591,0.105933761225773,0.207064334605126,0.387011092997171
14.8167512074652,-0.514525327260857,-0.19694209521154,-0.0836934720097854,0.0221818432298419,0.104824716333252,0.204525962837094,0.38377898475939
14.9017787333877,-0.509696225621959,-0.195088343520645,-0.082969196777021,0.0218307395141865,0.103711360486321,0.202011875453214,0.380562632964941
14.9872941989444,-0.50488597665504,-0.193255916071925,-0.0822501683535061,0.0214717851708797,0.102595032250108,0.199524975314372,0.377365156129892
15.0733004042295,-0.500098466362414,-0.191445351133288,-0.0815364359143806,0.021105644962108,0.101477070189744,0.197068165281456,0.374189672770314
15.1598001654061,-0.495337580746399,-0.189657186972641,-0.0808280486347844,0.0207329836500577,0.10035881287036,0.194644348215353,0.371039301402277
15.2467963147977,-0.490607205809312,-0.187891961857893,-0.0801250556898572,0.0203544659969155,0.0992415988570853,0.192256426976949,0.367917160541851
15.3342917009818,-0.48591122755347,-0.186150214056951,-0.0794275062547391,0.0199707567648678,0.09812676671505,0.189907304427132,0.364826368705105
15.4222891888826,-0.481253531981189,-0.184432481837723,-0.0787354495045699,0.0195825207161012,0.0970156550093842,0.187599883426788,0.36177004440811
15.5107916598649,-0.476638005094786,-0.182739303468116,-0.0780489346144893,0.0191904226128022,0.0959096023052187,0.185337066836806,0.358751306166937
15.5998020118288,-0.472068532896579,-0.181071217216039,-0.0773680107596373,0.0187951272171573,0.0948099471676826,0.183121757518071,0.355773272497654
15.6893231593039,-0.467549001388883,-0.179428761349399,-0.0766927271151537,0.0183972992913531,0.0937180281619068,0.180956858331471,0.352839061916333
15.7793580335455,-0.463083296574017,-0.177812474136103,-0.0760231328561786,0.017997603597576,0.0926351838530205,0.178845272137892,0.349951792939042
15.8699095826301,-0.458675304454297,-0.176222893844061,-0.0753592771578515,0.0175967048980126,0.0915627528061549,0.176789901798222,0.347114584081853
15.9609807715521,-0.454328911032039,-0.174660558741178,-0.0747012091953125,0.0171952679548494,0.0905020735864398,0.174793650173349,0.344330553860835
16.0525745823206,-0.45004800230956,-0.173126007095364,-0.0740489781437013,0.0167939575302728,0.0894544847590045,0.172859420124158,0.341602820792058
16.1446940140576,-0.445836464289178,-0.171619777174525,-0.073402633178158,0.0163934383864696,0.0884213248889802,0.170990114511537,0.338934503391593
16.2373420830958,-0.44169818297321,-0.170142407246571,-0.0727622234738223,0.0159943752856261,0.0874039325414964,0.169188636196373,0.336328720175509
16.3305218230773,-0.437637044363971,-0.168694435579407,-0.0721277982058341,0.0155974329899289,0.0864036462816834,0.167457888039552,0.333788589659876
16.4242362850532,-0.43365693446378,-0.167276400440942,-0.0714994065493332,0.0152032762615644,0.085421804674671,0.165800772901963,0.331317230360764
16.5184885375835,-0.429761739274952,-0.165888840099085,-0.0708770976794595,0.0148125698627192,0.0844597462855899,0.164220193644492,0.328917760794244
16.6132816668372,-0.425955344799805,-0.164532292821742,-0.070260920771353,0.01442597855558,0.0835188096795698,0.162719053128026,0.326593299476386
16.7086187766938,-0.422241637040655,-0.163207296876821,-0.0696509250001534,0.014044167102333,0.0826003334217408,0.161300254213452,0.324346964923259
16.8045029888447,-0.41862450199982,-0.16191439053223,-0.0690471595410006,0.0136678002651649,0.081705656077233,0.159966699761656,0.322181875650933
16.9009374428955,-0.415107825679616,-0.160654112055877,-0.0684496735690345,0.0132975428062622,0.0808361162111768,0.158721292633527,0.32010115017548
16.9979252964686,-0.411695494082361,-0.159426999715669,-0.0678585162593949,0.0129340594878114,0.079993052388702,0.157566935689952,0.318107907012968
17.0954697253071,-0.40839139321037,-0.158233591779515,-0.0672737367872218,0.012578015071999,0.0791778031749384,0.156506531791816,0.316205264679468
17.193573923378,-0.405199409065961,-0.157074426515322,-0.0666953843276549,0.0122300743210116,0.0783917071350171,0.155542983800007,0.314396341691049
17.2922411029777,-0.40212342765145,-0.155950042190997,-0.0661235080558341,0.0118909019970356,0.0776361028340672,0.154679194575413,0.312684256563782
17.3914744948362,-0.399167334969156,-0.154860977074449,-0.0655581571468993,0.0115611628622576,0.0769123288372196,0.153918066978919,0.311072127813737
17.4912773482238,-0.396335017021393,-0.153807769433585,-0.0649993807759904,0.0112415216788641,0.0762217237096041,0.153262503871415,0.309563073956985
17.591652931057,-0.39363035981048,-0.152790957536313,-0.0644472281182473,0.0109326432090416,0.0755656260163504,0.152715408113785,0.308160213509593
17.6926045300054,-0.391057249338733,-0.151811079650541,-0.0639017483488097,0.0106351922149767,0.074945374322589,0.152279682566917,0.306866664987634
17.7941354505997,-0.388619571608469,-0.150868674044177,-0.0633629906428176,0.0103498334588559,0.0743623071934505,0.1519582300917,0.305685546907177
17.8962490173397,-0.386321212622005,-0.149964278985127,-0.0628310041754108,0.0100772317028656,0.0738177631940641,0.151753953549018,0.304619977784293
17.9989485738032,-0.384166058381658,-0.149098432741301,-0.0623058381217292,0.00981805170919241,0.0733130808895603,0.151669755799759,0.303673076135049
18.1022374827554,-0.382157994889744,-0.148271673580605,-0.0617875416569127,0.00957295824002281,0.0728495988450692,0.151708539704811,0.302847960475519
18.2061191262593,-0.380300908148581,-0.147484539770948,-0.0612761639561011,0.00934261605754336,0.0724286556257208,0.151873208125061,0.30214774932177
18.310596905786,-0.378598684160485,-0.146737569580237,-0.0607717541944342,0.00912768992394063,0.0720515897966458,0.152166663921395,0.301575561189874
18.4156742423264,-0.377055208927773,-0.14603130127638,-0.0602743615470521,0.00892884460140092,0.0717197399229731,0.1525918099547,0.3011345145959
18.5213545765032,-0.375674368452762,-0.145366273127284,-0.0597840351890943,0.00874674485211104,0.0714344445698338,0.153151549085864,0.300827728055918
18.6276413686833,-0.374460048737769,-0.144743023400858,-0.059300824295701,0.0085820554382573,0.0711970423023581,0.153848784175773,0.300658320085999
18.7345380990916,-0.373416135785111,-0.14416209036501,-0.0588247780420119,0.00843544112202635,0.0710088716856755,0.154686418085315,0.300629409202212
18.8420482679242,-0.372546515597104,-0.143624012287646,-0.0583559456031669,0.00830756666560462,0.0708712712849165,0.155667353675377,0.300744113920627
18.9501753954639,-0.371855074176066,-0.143129327436674,-0.0578943761543059,0.00819909683117864,0.0707855796652109,0.156794493806845,0.301005552757315
19.0589230221947,-0.371345384466859,-0.142678514868098,-0.0574401110245879,0.00811065950324777,0.0707530355842897,0.158070471518719,0.301416617863379
19.1682947089183,-0.37101503980084,-0.142270922649649,-0.0569930416795222,0.00804217817702288,0.0707729714096477,0.15949276606564,0.301975877662751
19.2782940368702,-0.370856262435373,-0.141904882960374,-0.0565529249724476,0.00799294364344767,0.0708430071300447,0.161054227413575,0.302678016873759
19.3889246078374,-0.370861083717939,-0.141578691870495,-0.0561195129720373,0.00796222420457458,0.0709607018693143,0.162747540984681,0.303517582171982
19.500190044276,-0.371021534996021,-0.141290645450231,-0.0556925577469645,0.00794928816245579,0.0711236147512893,0.164565392201114,0.304489120233001
19.6120939894302,-0.371329647617097,-0.141039039769803,-0.0552718113659021,0.00795340381914375,0.0713293048998029,0.166500466485033,0.305587177732397
19.7246401074509,-0.371777452928651,-0.14082217089943,-0.0548570258975233,0.00797383947669093,0.0715753314386883,0.168545449258596,0.306806301345751
19.8378320835167,-0.372356982278162,-0.140638334909334,-0.0544479534105014,0.00800986343714944,0.0718592534917779,0.170693025943958,0.308141037748643
19.9516736239535,-0.373060267013111,-0.140485827869733,-0.0540443459735093,0.00806074400257168,0.0721786301829053,0.172935881963278,0.309585933616655
20.0661684563566,-0.373879338480979,-0.140362945850848,-0.0536459556552201,0.00812574947501014,0.0725310206359035,0.175266702738713,0.311135535625367
20.1813203297124,-0.374806228029248,-0.140267984922899,-0.0532525345243071,0.0082041481565171,0.0729139839746058,0.177678173692421,0.31278439045036
20.2971330145215,-0.375832967005398,-0.140199241156106,-0.0528638346494433,0.00829520834914477,0.073325079322845,0.180162980246558,0.314527044767214
20.4136103029215,-0.376951586756911,-0.14015501062069,-0.0524796080993019,0.00839819835494582,0.0737618658044547,0.182713807823282,0.316358045251512
20.5307560088121,-0.378154118631266,-0.14013358938687,-0.0520996069425559,0.00851238647597234,0.074221902543267,0.185323341844751,0.318271938578832
20.6485739679789,-0.379432593975946,-0.140133273524866,-0.0517235832478785,0.00863704101427683,0.0747027486631162,0.187984267733122,0.320263271424757
20.7670680382202,-0.38077904413843,-0.140152359104899,-0.0513512890839428,0.00877143027191147,0.0752019632878341,0.190689270910552,0.322326590464867
20.8862420994721,-0.382185500466201,-0.140189142197189,-0.0509824765194219,0.00891482255092872,0.0757171055412545,0.193431036799199,0.324456442374743
21.0061000539366,-0.383643994306739,-0.140241918871955,-0.050616897622989,0.00906648615338102,0.0762457345472107,0.19620225082122,0.326647373829965
21.1266458262086,-0.385146557007524,-0.140308985199418,-0.0502543044633171,0.00922568938132056,0.0767854094295353,0.198995598398772,0.328893931506114
21.2478833634048,-0.386685219916039,-0.140388637249798,-0.0498944491090794,0.00939170053679965,0.0773336893120615,0.201803764954013,0.331190662078772
21.369816635293,-0.388252014379763,-0.140479171093315,-0.049537083628949,0.00956378792187098,0.0778881333186226,0.2046194359091,0.333532112223519
21.4924496344217,-0.389838971746178,-0.14057888280019,-0.049181960091599,0.00974121983858655,0.0784463005730515,0.207435296686191,0.335912828615936
21.6157863762513,-0.391438123362764,-0.140686068440641,-0.0488288305657026,0.00992326458899884,0.0790057501991814,0.210244032707442,0.338327357931603
21.7398308992851,-0.393041500577003,-0.14079902408489,-0.0484774471199328,0.0101091904751602,0.0795640413208452,0.213038329395012,0.340770246846102
21.8645872652021,-0.394641134736376,-0.140916045803157,-0.0481275618229628,0.0102982657991229,0.0801187330618759,0.215810872171058,0.343236042035013
21.9900595589893,-0.396229057188364,-0.141035429665661,-0.0477789267434657,0.0104897588629395,0.0806673845461071,0.218554346457736,0.345719290173917
22.1162518890763,-0.397797299280446,-0.141155471742622,-0.0474312939501146,0.0106829379686622,0.081207554897371,0.221261437677205,0.348214537938395
22.2431683874689,-0.399337892360106,-0.141274468104262,-0.0470844155115826,0.0108770714183432,0.0817368032395015,0.223924831251622,0.350716332004027
22.3708132098852,-0.400842867774823,-0.141390714820799,-0.0467380434965429,0.0110714275140351,0.0822526886963313,0.226537212603144,0.353219219046396
22.4991905358911,-0.402304256872078,-0.141502507962454,-0.0463919299736685,0.0112652745577904,0.0827527703916941,0.229091267153929,0.35571774574108
22.6283045690377,-0.403714090999352,-0.141608143599447,-0.0460458270116327,0.011457880851661,0.083234607449422,0.231579680326133,0.358206458763661
22.7581595369982,-0.405064401504127,-0.141705917801999,-0.0456994866791084,0.0116485146976995,0.0836957589933486,0.233995137541915,0.360679904789721
22.8887596917072,-0.406347219733883,-0.141794126640329,-0.0453526610447688,0.0118364443979583,0.0841337841473069,0.236330324223431,0.363132630494839
23.0201093094992,-0.407554577036101,-0.141871066184657,-0.0450051021772871,0.0120209382544896,0.0845462420351301,0.23857792579284,0.365559182554596
23.152212691249,-0.408678504758262,-0.141935032505203,-0.0446565621453364,0.0122012645693459,0.0849306917806512,0.240730627672298,0.367954107644574
23.2850741625124,-0.409711034247847,-0.141984321672188,-0.0443067930175898,0.0123766916445794,0.0852846925077032,0.242781115283962,0.370311952440353
23.4186980736679,-0.410644196852337,-0.142017229755832,-0.0439555468627203,0.0125464877822426,0.0856058033401192,0.244722074049991,0.372627263617513
23.5530888000591,-0.411470023939632,-0.14203205283076,-0.0436025757502458,0.0127099212860063,0.0858915834080368,0.24654618941124,0.374894587863022
23.688250742138,-0.412182362069487,-0.142027478631987,-0.0432477068427904,0.0128664043276338,0.0861401522312704,0.248247808930608,0.377109483902832
23.8241883256091,-0.412781836388275,-0.142003657496877,-0.0428910477279496,0.0130158863346774,0.0863517220285285,0.249827487139288,0.379271289784598
23.9609060015742,-0.413270654049671,-0.141961081109405,-0.0425327714397574,0.0131584421210898,0.0865269934189929,0.251287227169733,0.381380225585642
24.0984082466782,-0.41365102220735,-0.141900241153551,-0.042173051012248,0.0132941465008234,0.0866666670218449,0.252629032154396,0.383436511383286
24.2366995632559,-0.413925148014985,-0.141821629313291,-0.0418120594794555,0.0134230742878312,0.0867714434562666,0.253854905225731,0.385440367254852
24.3757844794791,-0.414095238626251,-0.141725737272602,-0.0414499698754139,0.0135453002960658,0.0868420233414401,0.25496684951619,0.387392013277662
24.5156675495049,-0.414163501194823,-0.141613056715462,-0.0410869552341573,0.0136608993394799,0.0868791072965468,0.255966868158228,0.389291669529039
24.6563533536251,-0.414132142874374,-0.141484079325848,-0.0407231885897198,0.0137699462320261,0.0868833959407686,0.256856964284297,0.391139556086303
24.797846498416,-0.414003370818579,-0.141339296787738,-0.0403588429761356,0.0138725157876573,0.0868555898932876,0.257639141026851,0.392935893026778
24.9401516168892,-0.413779392181113,-0.141179200785109,-0.0399940914274386,0.013968682820326,0.0867963897732856,0.258315401518344,0.394680900427785
25.0832733686432,-0.413462414115649,-0.141004283001939,-0.039629106977663,0.014058522143985,0.0867064961999442,0.258887748891228,0.396374798366646
25.2272164400162,-0.413054643775862,-0.140815035122204,-0.0392640626608429,0.014142108572587,0.0865866097924456,0.259358186277957,0.398017806920685
25.3719855442395,-0.412558288315427,-0.140611948829883,-0.0388991315110124,0.0142195169200846,0.086437431169971,0.259728716810985,0.399610146167221
25.5175854215919,-0.411975554888017,-0.140395515808952,-0.0385344865622054,0.0142908220004308,0.0862596609517031,0.260001343622765,0.40115203618358
25.6640208395545,-0.411308650647307,-0.140166227743389,-0.0381703008484563,0.0143560986275779,0.0860539997568231,0.260178069845749,0.40264369704708
25.8112965929673,-0.410559782746971,-0.139924576317171,-0.0378067474037989,0.0144154216154788,0.0858211482045129,0.260260898612392,0.404085348835045
25.959417504186,-0.409731158340684,-0.139671053214276,-0.0374439992622675,0.0144688657780862,0.0855618069139548,0.260251833055147,0.405477211624798
26.1083884232399,-0.408824984582119,-0.139406150118681,-0.037082229457896,0.0145165059293528,0.0852766765043302,0.260152876306468,0.40681950549366
26.2582142279907,-0.407843468624952,-0.139130358714363,-0.0367216110247187,0.0145584168832313,0.0849664575948209,0.259966031498807,0.408112450518952
26.4088998242922,-0.406788817622857,-0.1388441706853,-0.0363623169967695,0.0145946734536743,0.0846318508046092,0.259693301764618,0.409356266777999
26.5604501461511,-0.405663238729507,-0.138548077715469,-0.0360045204080826,0.0146253504546346,0.0842735567528764,0.259336690236354,0.41055117434812
26.7128701558882,-0.404468939098577,-0.138242571488848,-0.0356483942926921,0.0146505227000649,0.0838922760588044,0.258898200046469,0.411697393306639
26.8661648443013,-0.403208125883742,-0.137928143689413,-0.0352941116846319,0.0146702650039179,0.0834887093415756,0.258379834327417,0.412795143730877
27.0203392308284,-0.401883006238675,-0.137605286001143,-0.0349418456179363,0.0146846521801462,0.0830635572203712,0.257783596211649,0.413844645698157
27.1753983637121,-0.400495787317052,-0.137274490108015,-0.0345917691266394,0.0146937590427027,0.0826175203143732,0.257111488831621,0.414846119285801
27.3313473201648,-0.399048676272546,-0.136936247694005,-0.0342440552447751,0.0146976604055398,0.0821512992427637,0.256365515319784,0.415799784571131
27.4881912065351,-0.397543880258832,-0.136591050443092,-0.0338988770063776,0.0146964310826105,0.0816655946247243,0.255547678808594,0.416705861631468
27.645935158475,-0.395983606429584,-0.136239390039253,-0.033556407445481,0.0146901458878673,0.081161107079437,0.254659982430502,0.417564570544135
27.8045843411078,-0.394370061938476,-0.135881758166465,-0.0332168195961193,0.014678879635263,0.0806385372260832,0.253704429317962,0.418376131386455
27.9641439491976,-0.392705453939183,-0.135518646508705,-0.0328802864923267,0.0146627071387502,0.0800985856838453,0.252683022603429,0.419140764235748
28.124619207319,-0.390991989585379,-0.135150546749952,-0.0325469811681373,0.0146417032122819,0.0795419530719053,0.251597765419354,0.419858689169338
28.2860153700288,-0.389231876030739,-0.134777950574181,-0.0322170766575851,0.0146159426698103,0.0789693400094441,0.250450660898192,0.420530126264546
28.4483377220371,-0.387427320428936,-0.134401349665371,-0.0318907459947042,0.0145855003252885,0.0783814471156444,0.249243712172395,0.421155295598695
28.6115915783813,-0.385580529933645,-0.134021235707499,-0.0315681622135287,0.014550450992669,0.0777789750096877,0.247978922374418,0.421734417249106
28.7757822845996,-0.38369371169854,-0.133638100384543,-0.0312494983480927,0.0145108694859047,0.077162624310756,0.246658294636713,0.422267711293101
28.9409152169059,-0.381769072877297,-0.133252435380479,-0.0309349274324303,0.014466830618948,0.0765330956380306,0.245283832091734,0.422755397808003
29.1069957823666,-0.379808820623588,-0.132864732379286,-0.0306246225005756,0.0144184092057518,0.0758910896106941,0.243857537871934,0.423197696871134
29.2740294190766,-0.377815162091088,-0.13247548306494,-0.0303187565865626,0.0143656800602688,0.0752373068479279,0.242381415109767,0.423594828559816
29.4420215963382,-0.375790304433472,-0.132085179121418,-0.0300175027244255,0.0143087179964517,0.0745724479689139,0.240857466937686,0.423947012951371
29.6109778148397,-0.373736454804414,-0.131694312232699,-0.0297210339481983,0.0142475978282531,0.0738972135928338,0.239287696488145,0.42425447012312
29.7809036068361,-0.371655820357588,-0.13130337408276,-0.0294295232919152,0.0141823943696257,0.07321230433887,0.237674106893596,0.424517420152387
29.9518045363292,-0.369550608246668,-0.130912856355578,-0.0291431437896101,0.0141131824345224,0.0725184208262036,0.236018701286493,0.424736083116493
30.123686199251,-0.36742302562533,-0.13052325073513,-0.0288620684753173,0.0140400368368957,0.0718162636740173,0.23432348279929,0.42491067909276
30.296554223646,-0.365275279647247,-0.130135048905394,-0.0285864703830707,0.0139630323906983,0.0711065335014918,0.232590454564439,0.425041428158511
30.470414269856,-0.363109577466093,-0.129748742550346,-0.0283165225469045,0.0138822439098831,0.0703899309278101,0.230821619714394,0.425128550391067
30.6452720307053,-0.360928126235543,-0.129364823353966,-0.0280523980008528,0.0137977462084026,0.0696671565721532,0.22901898138161,0.425172265867751
30.821133231687,-0.358733133109271,-0.128983783000229,-0.0277942697789496,0.0137096141002095,0.0689389110537031,0.227184542698538,0.425172794665884
30.9980036311506,-0.356526805240952,-0.128606113173114,-0.0275423109152291,0.0136179223992565,0.0682058949916416,0.225320306797632,0.425130356862788
31.1758890204904,-0.354311349784259,-0.128232305556597,-0.0272966944437253,0.0135227459194965,0.0674688090051515,0.223428276811346,0.425045172535787
31.3547952243356,-0.352088973892868,-0.127862851834656,-0.0270575933984723,0.013424159474882,0.0667283537134131,0.221510455872133,0.424917461762201
31.5347281007402,-0.349861884720452,-0.127498243691268,-0.0268251808135043,0.0133222378793657,0.0659852297356093,0.219568847112447,0.424747444619354
31.7156935413755,-0.347632289420686,-0.127138972810412,-0.0265996297228552,0.0132170559469004,0.0652401376909219,0.21760545366474,0.424535341184566
31.8976974717229,-0.345402395147243,-0.126785530876063,-0.0263811131605592,0.0131086884914387,0.064493778198532,0.215622278661467,0.424281371535161
32.0807458512677,-0.3431744090538,-0.1264384095722,-0.0261698041606504,0.0129972103269333,0.0637468518776221,0.213621325235079,0.423985755748459
32.2648446736941,-0.340950538294028,-0.126098100582799,-0.0259658757571628,0.0128826962673371,0.0630000593473738,0.211604596518032,0.423648713901784
32.4499999670822,-0.338732990021605,-0.125765095591839,-0.0257695009841306,0.0127652211266027,0.0622541012269692,0.209574095642779,0.423270466072458
32.6362177941046,-0.336523971390202,-0.125439886283297,-0.0255808528755878,0.0126448597186825,0.0615096781355897,0.207531825741771,0.422851232337802
32.8235042522251,-0.334325689553495,-0.125122964341149,-0.0254001044655686,0.0125216868575296,0.0607674906924176,0.205479789947464,0.422391232775138
33.0118654738987,-0.332140351665158,-0.124814821449374,-0.0252274287881069,0.0123957773570966,0.0600282395166345,0.20341999139231,0.421890687461789
33.2013076267721,-0.329970164878865,-0.124515949291949,-0.025062998877237,0.0122672060313359,0.0592926252274219,0.201354433208763,0.421349816475077
33.3918369138855,-0.327817336348291,-0.12422683955285,-0.0249069877669928,0.0121360476942007,0.0585613484439621,0.199285118529275,0.420768839892324
33.5834595738761,-0.32568407322711,-0.123947983916056,-0.0247595684914085,0.0120023771596434,0.0578351097854371,0.197214050486302,0.420147977790851
33.7761818811822,-0.323572582668997,-0.123679874065544,-0.0246209140845182,0.0118662692416167,0.0571146098710282,0.195143232212295,0.419487450247982
33.9700101462487,-0.321485071827624,-0.123423001685292,-0.0244911975803559,0.0117277987540733,0.0564005493199175,0.193074666839708,0.418787477341037
34.1649507157334,-0.319423747856668,-0.123177858459275,-0.0243705920129558,0.0115870405109659,0.0556936287512868,0.191010357500995,0.41804827914734
34.3610099727153,-0.317390817909802,-0.122944936071473,-0.0242592704163518,0.0114440693262474,0.0549945487843181,0.188952307328609,0.417270075744212
34.5581943369034,-0.315388489140701,-0.122724726205862,-0.0241574058245782,0.0112989600138703,0.0543040100381932,0.186902519455003,0.416453087208975
34.7565102648467,-0.313418968703038,-0.12251772054642,-0.0240651712716691,0.0111517873877872,0.0536227131320935,0.18486299701263,0.415597533618951
34.9559642501461,-0.311484463750489,-0.122324410777124,-0.0239827397916584,0.0110026262619511,0.0529513586852015,0.182835743133945,0.414703635051464
35.1565628236665,-0.309587181436727,-0.122145288581951,-0.0239102844185802,0.0108515514503145,0.0522906473166989,0.1808227609514,0.413771611583833
35.3583125537509,-0.307729328915427,-0.12198084564488,-0.0238479781864688,0.01069863776683,0.051641279645767,0.178826053597449,0.412801683293383
35.5612200464355,-0.305913113340263,-0.121831573649886,-0.0237959941293581,0.0105439600254506,0.0510039562915882,0.176847624204545,0.411794070257434
35.765291945666,-0.30414074186491,-0.121697964280948,-0.0237545052812822,0.0103875930401286,0.050379377873344,0.174889475905142,0.410748992553309
35.9705349335149,-0.302414421643042,-0.121580509222043,-0.0237236846762753,0.0102296116248172,0.0497682450102167,0.172953611831692,0.40966667025833
36.1769557304008,-0.300736359828332,-0.121479700157148,-0.0237037053483714,0.0100700905934687,0.0491712583213875,0.17104203511665,0.408547323449819
36.3845610953078,-0.299108763574456,-0.121396028770241,-0.0236947403316046,0.009909104760036,0.0485891184260387,0.169156748892468,0.407391172205098
36.5933578260074,-0.297533840035088,-0.121329986745299,-0.023696962660009,0.00974672893847168,0.0480225259433519,0.1672997562916,0.406198436601489
36.8033527592808,-0.296013796363902,-0.1212820657663,-0.0237105453676187,0.00958303794272851,0.0474721814925092,0.1654730604465,0.404969336716315
37.0145527711429,-0.294550839714572,-0.12125275751722,-0.0237356614884678,0.00941810658675921,0.046938785692692,0.16367866448962,0.403704092626897
37.226964777067,-0.293147177240773,-0.121242553682038,-0.0237724840565903,0.00925200968451637,0.0464230391630828,0.161918571553414,0.402402924410557
37.440595732212,-0.291805016096179,-0.12125194594473,-0.0238211861060203,0.00908482204995281,0.0459256425228629,0.160194784770336,0.401066052144618
37.6554526316495,-0.290526563434464,-0.121281425989274,-0.023881940670792,0.00891661849702111,0.0454472963912142,0.158509307272838,0.399693695906402
37.8715425105932,-0.289314026409304,-0.121331485499648,-0.0239549207849395,0.00874747383967407,0.0449887013873188,0.156864142193375,0.398286075773229
38.088872444629,-0.288169612174371,-0.121402616159828,-0.0240402994824967,0.00857746289186437,0.0445505581303581,0.155261292664399,0.396843411822424
38.3074495499469,-0.28709552788334,-0.121495309653792,-0.0241382497974978,0.00840666046754469,0.0441335672395146,0.153702761818365,0.395365924131308
38.5272809835738,-0.286093980689886,-0.121610057665517,-0.024248944763977,0.00823514138066769,0.0437384293339695,0.152190552787724,0.393853832777203
38.7483739436083,-0.285167177747683,-0.121747351878982,-0.0243725574159682,0.00806298044518616,0.0433658450329049,0.150726668704931,0.392307357837431
38.9707356694557,-0.284317326210405,-0.121907683978162,-0.0245092607875056,0.00789025247505274,0.0430165149555025,0.14931311270244,0.390726719389314
39.1943734420656,-0.283546633231727,-0.122091545647037,-0.0246592279126232,0.00771703228422015,0.0426911397209448,0.147951887912702,0.389112137510174
39.41929458417,-0.282857305965323,-0.122299428569582,-0.0248226318253551,0.00754339468664108,0.0423904199484127,0.146644997468173,0.387463832277334
39.6455064605233,-0.282251551564867,-0.122531824429775,-0.0249996455597355,0.00736941449626813,0.0421150562570882,0.145394444501304,0.385782023768115
39.8730164781432,-0.281731577184034,-0.122789224911594,-0.0251904421497984,0.00719516652705429,0.0418657492661541,0.14420223214455,0.384066932059839
40.1018320865536,-0.281299589976498,-0.123072121699017,-0.025395194629578,0.00702072559295185,0.0416431995947909,0.143070363530364,0.382318777229829
40.3319607780282,-0.280957797095932,-0.123381006476019,-0.0256140760331082,0.00684616650791391,0.0414481078621813,0.142000841791199,0.380537779355407
40.5634100878357,-0.280708405696013,-0.12371637092658,-0.0258472593944232,0.00667156408589301,0.041281174687507,0.140995670059508,0.378724158513894
40.796187594487,-0.280553622930413,-0.124078706734675,-0.026094917747557,0.00649699314084169,0.0411431006899496,0.140056851467746,0.376878134782614
41.0303009199831,-0.280495655952807,-0.124468505584283,-0.0263572241265439,0.0063225284867128,0.0410345864886913,0.139186389148365,0.374999928238887
41.2657577300646,-0.28053671191687,-0.124886259159381,-0.0266343515654177,0.00614824493745898,0.0409563327029133,0.138386286233818,0.373089758960036
41.5025657344627,-0.28067842247322,-0.125332312137868,-0.0269263966374634,0.00597422972141546,0.0409088961930963,0.13765814393261,0.3711480626077
41.7407326871518,-0.280919281366458,-0.125806207653231,-0.0272330390169702,0.00580063775581126,0.0408920499814926,0.137001371979936,0.369176450307875
41.9802663866035,-0.281256718123428,-0.126307216995951,-0.0275538169873412,0.00562764691449752,0.0409053012523857,0.136414636874969,0.367176931844141
42.2211746760415,-0.281688161409946,-0.126834611236573,-0.0278882687175842,0.00545543508989913,0.0409481569749784,0.135896604515548,0.365151517322619
42.4634654436988,-0.282211039891832,-0.127387661445639,-0.0282359323767073,0.0052841801744407,0.0410201241184732,0.135445940799514,0.363102216849433
42.7071466230759,-0.282822782234902,-0.127965638693693,-0.0285963461337181,0.00511406006054704,0.0411207096520726,0.135061311624708,0.361031040530704
42.9522261932004,-0.283520817104974,-0.128567814051278,-0.0289690481576248,0.00494525264064286,0.0412494205449788,0.13474138288897,0.358939998472554
43.1987121788887,-0.284302573167865,-0.129193458588936,-0.029353576617435,0.00477793580715299,0.0414057637663944,0.13448482049014,0.356831100781106
43.4466126510081,-0.285165479089393,-0.129841843377211,-0.0297494696821568,0.00461228745250208,0.0415892462855222,0.13429029032606,0.354706357562483
43.6959357267419,-0.286106963535375,-0.130512239486647,-0.0301562655207981,0.00444848546911479,0.041799375071564,0.134156458294569,0.352567778922805
43.9466895698542,-0.287124455171628,-0.131203917987785,-0.0305735023023666,0.00428670774941608,0.0420356570937232,0.134081990293508,0.350417374968197
44.1988823909582,-0.288215382663972,-0.131916149951169,-0.0310007181958704,0.00412713218583054,0.0422975993212015,0.134065552220718,0.348257155804779
44.4525224477844,-0.289377174678221,-0.132648206447343,-0.0314374513703173,0.00396993667078304,0.0425847087232018,0.134105809974039,0.346089131538675
44.7076180454512,-0.290607259880195,-0.133399358546849,-0.0318832399947152,0.00381529909669825,0.0428964922689267,0.134201429451312,0.343915312276006
44.9641775367367,-0.291903066935711,-0.134168877320231,-0.032337622238072,0.00366339735600076,0.0432324569275781,0.134351076550377,0.341737708122895
45.2222093223525,-0.293262024510586,-0.134956033838031,-0.0328001362693955,0.00351440934111562,0.0435921096683591,0.134553417169075,0.339558329185464
45.4817218512184,-0.294681561270638,-0.135760099170793,-0.0332703202576937,0.00336851294446739,0.0439749574604719,0.134807117205246,0.337379185569834
45.7427236207396,-0.296159105881684,-0.136580344389059,-0.0337477123719745,0.0032258860584808,0.0443805072731187,0.135110842556731,0.33520228738213
46.005223177084,-0.297692087009541,-0.137416040563373,-0.0342318507812458,0.00308670657558068,0.0448082660755027,0.135463259121371,0.333029644728472
46.2692291154632,-0.299277933320028,-0.138266458764278,-0.0347222736545154,0.00295115238819174,0.0452577408368258,0.135863032797005,0.330863267714983
46.5347500804131,-0.300914073478961,-0.139130870062317,-0.0352185191607913,0.00281940138873863,0.0457284385262905,0.136308829481474,0.328705166447786
46.8017947660769,-0.302597936152159,-0.140008545528034,-0.0357201254690813,0.00269163146964628,0.0462198661131,0.13679931507262,0.326557351033002
47.0703719164907,-0.304326950005438,-0.14089875623197,-0.0362266307483933,0.0025680205233393,0.0467315305664558,0.137333155468282,0.324421831576754
47.3404903258686,-0.306098543704616,-0.14180077324467,-0.0367375731677353,0.00244874644224245,0.047262938855561,0.1379090165663,0.322300618185164
47.6121588388917,-0.307910145915512,-0.142713867636676,-0.037252490896115,0.00233398711878052,0.047813597949618,0.138525564264517,0.320195720964355
47.885386350997,-0.309759185303941,-0.143637310478531,-0.0377709221025406,0.00222392044537813,0.0483830148178289,0.139181464460771,0.318109150020447
48.1601818086689,-0.311643090535722,-0.14457037284078,-0.0382924049560196,0.00211872431446016,0.0489706964293965,0.139875383052903,0.316042915459565
48.4365542097323,-0.313559290276672,-0.145512325793963,-0.0388164776255602,0.00201857661845138,0.0495761497535235,0.140605985938755,0.31399902738783
48.7145126036471,-0.315505213192608,-0.146462440408626,-0.0393426782801702,0.00192365524977636,0.050198881759412,0.141371939016166,0.311979495911365
48.9940660918045,-0.317478287949349,-0.14741998775531,-0.0398705450888574,0.00183413810086014,0.0508383994162648,0.142171908182978,0.309986331136291
49.2752238278249,-0.319475943212711,-0.148384238904559,-0.0403996162206298,0.00175020306412716,0.0514942096932842,0.14300455933703,0.308021543168731
49.5579950178577,-0.321495607648513,-0.149354464926917,-0.0409294298444953,0.00167202803200223,0.0521658195596728,0.143868558376163,0.306087142114807
49.842388920883,-0.323534709922571,-0.150329936892925,-0.0414595241294618,0.00159979089691015,0.0528527359846327,0.144762571198218,0.304185138080642
50.1284148490144,-0.325590678700703,-0.151309925873128,-0.041989437244537,0.00153366955127571,0.0535544659373666,0.145685263701035,0.302317541172357
50.4160821678042,-0.327660942648726,-0.152293702938068,-0.042518707358729,0.00147384188752363,0.0542705163870777,0.146635301782454,0.300486361496075
50.7054002965497,-0.329742930432459,-0.153280539158288,-0.0430468726410457,0.00142048579807857,0.0550003943029671,0.147611351340317,0.298693609157919
50.9963787086021,-0.331834070717718,-0.154269705604332,-0.0435734712604949,0.00137377917536526,0.0557436066542382,0.148612078272463,0.29694129426401
51.2890269316763,-0.333931792170322,-0.155260473346743,-0.0440980413860845,0.00133389991180864,0.0564996604100935,0.149636148476734,0.295231426920471
51.5833545481631,-0.336033523456087,-0.156252113456063,-0.0446201211868224,0.00130102589983316,0.0572680625397352,0.15068222785097,0.293566017233424
51.8793711954428,-0.338136693240831,-0.157243897002836,-0.0451392488317165,0.00127533503186389,0.058048320012366,0.151748982293011,0.291947075308991
52.1770865662009,-0.340238730190371,-0.158235095057604,-0.0456549624897747,0.00125700520032536,0.0588399397971883,0.152835077700697,0.290376611253295
52.4765104087455,-0.342337062970525,-0.159224978690912,-0.0461668003300049,0.00124621429764234,0.0596424288634045,0.15393917997187,0.288856635172457
52.7776525273263,-0.344429120247111,-0.160212818973302,-0.046674300521415,0.00124314021623972,0.0604552941802172,0.15505995500437,0.287389157172601
53.0805227824557,-0.346512330685947,-0.161197886975317,-0.0471770012330129,0.00124796084854193,0.0612780427168285,0.156196068696037,0.285976187359848
53.3851310912318,-0.348584122952848,-0.1621794537675,-0.0476744406338064,0.00126085408697411,0.0621101814424415,0.157346186944712,0.284619735840321
53.6914874276631,-0.350641925713633,-0.163156790420395,-0.0481661568928035,0.00128199782396063,0.0629512173262583,0.158508975648236,0.283321812720141
53.999601822995,-0.35268316763412,-0.164129168004544,-0.048651688179012,0.0013115699519265,0.0638006573374814,0.159683100704448,0.282084428105432
54.3094843660382,-0.354705277380126,-0.16509585759049,-0.0491305726614399,0.00134974836329633,0.0646580084453135,0.16086722801119,0.280909592102315
54.6211452034991,-0.356705683617469,-0.166056130248777,-0.049602348509095,0.00139671095049486,0.0655227776189567,0.162060023466302,0.279799314816912
54.9345945403123,-0.358681815011965,-0.167009257049948,-0.0500665538909852,0.00145263560594699,0.0663944718276142,0.163260152967625,0.278755606355347
55.2498426399741,-0.360631100229433,-0.167954509064546,-0.0505227269761185,0.00151770022207729,0.0672725980404877,0.164466282412998,0.277780476823741
55.5668998248795,-0.36255096793569,-0.168891157363113,-0.0509704059335027,0.00159208269131061,0.06815666322678,0.165677077700263,0.276875936328216
55.8857764766593,-0.364438846796553,-0.169818473016194,-0.0514091289321456,0.00167596090607155,0.0690461743556937,0.16689120472726,0.276043994974895
56.2064830365205,-0.36629216547784,-0.17073572709433,-0.0518384341410553,0.00176951275878507,0.069940638396431,0.16810732939183,0.2752866628699
56.5290300055882,-0.368108352645369,-0.171642190668066,-0.0522578597292396,0.00187291614187573,0.0708395623181947,0.169324117591813,0.274605950119354
56.8534279452492,-0.369884836964956,-0.172537134807944,-0.0526669438657063,0.00198634894776838,0.0717424530901872,0.170540235225049,0.274003866829377
57.1796874774981,-0.37161904710242,-0.173419830584508,-0.0530652247194634,0.00210998906888774,0.0726488176816108,0.17175434818938,0.273482423106094
57.5078192852848,-0.373308411723578,-0.1742895490683,-0.0534522404595188,0.00224401439765851,0.0735581630616682,0.172965122382645,0.273043629055625
57.8378341128645,-0.374950359494247,-0.175145561329863,-0.0538275292548804,0.00238860282650542,0.0744699961995615,0.174171223702686,0.272689494784094
58.1697427661497,-0.376542319080245,-0.175987138439741,-0.054190629274556,0.00254393224785327,0.0753838240644939,0.175371318047342,0.272422030397623
58.5035561130634,-0.37808171914739,-0.176813551468477,-0.0545410786875536,0.00271018055412681,0.0762991536256672,0.176564071314454,0.272243246002333
58.8392850838956,-0.379565988361498,-0.177624071486614,-0.054878415662881,0.00288752563775081,0.0772154918522843,0.177748149401864,0.272155151704347
59.176940671661,-0.380992555388388,-0.178417969564694,-0.0552021783695461,0.00307614539114995,0.0781323457135475,0.17892221820741,0.272159757609788
59.5165339324587,-0.382358848893877,-0.179194516773262,-0.0555119049765569,0.00327621770674883,0.0790492221786591,0.180084943628934,0.272259073824777
59.8580759858346,-0.383662297543782,-0.17995298418286,-0.0558071336529211,0.00348792047697254,0.0799656282168223,0.181234991564277,0.272455110455437
60.2015780151452,-0.384900330003921,-0.180692642864031,-0.0560874025676468,0.00371143159424563,0.0808810707972387,0.182371027911279,0.27274987760789
60.5470512679239,-0.386070374940111,-0.181412763887318,-0.0563522498897418,0.00394692895099283,0.0817950568891113,0.18349171856778,0.273145385388259
60.8945070562493,-0.38716986101817,-0.182112618323265,-0.0566012137882139,0.00419459043963892,0.0827070934616423,0.184595729431621,0.273643643902666
61.2439567571157,-0.388196216903915,-0.182791477242414,-0.0568338324320712,0.00445459395260858,0.0836166874840343,0.185681726400642,0.274246663257232
61.5954118128054,-0.389146871263164,-0.183448611715309,-0.0570496439903214,0.0047271173823267,0.0845233459254903,0.186748375372684,0.274956453558081
61.9488837312635,-0.390019252761735,-0.184083292812492,-0.0572481866319725,0.0050123386212179,0.085426575755212,0.187794342245588,0.275775024911334
62.3043840864745,-0.390810790065444,-0.184694791604507,-0.0574289985260324,0.0053104355617069,0.0863258839424022,0.188818292917194,0.276704387423113
62.6619245188418,-0.391518911840109,-0.185282379161897,-0.0575916178415089,0.00562158609621849,0.0872207774562634,0.189818893285342,0.277746551199542
63.0215167355683,-0.392141046751549,-0.185845326555205,-0.0577355827474099,0.00594596811717742,0.0881107632659979,0.190794809247873,0.278903526346742
63.3831725110399,-0.392674623465579,-0.186382904854974,-0.0578604314127434,0.00628375951700856,0.0889953483408087,0.191744706702628,0.280177322970835
63.7469036872113,-0.393117070648019,-0.186894385131747,-0.0579657020065173,0.00663513818813647,0.0898740396498978,0.192667251547447,0.281569951177945
64.1127221739934,-0.393465816964684,-0.187379038456068,-0.0580509326977393,0.00700028202298592,0.0907463441624675,0.19356110968017,0.283083421074192
64.4806399496432,-0.393718291081394,-0.187836135898478,-0.0581156616554175,0.00737936891398151,0.0916117688477206,0.194424946998639,0.284719742765699
64.8506690611567,-0.393871921663964,-0.188264948529522,-0.0581594270485597,0.00777257675354839,0.0924698206748599,0.195257429400693,0.286480926358589
65.2228216246626,-0.393924137378214,-0.188664747419743,-0.0581817670461738,0.00818008343411109,0.0933200066130876,0.196057222784174,0.288368981958984
65.5971098258192,-0.393872366889959,-0.189034803639683,-0.0581822198172677,0.00860206684809418,0.0941618336316063,0.196822993046921,0.290385919673006
65.9735459202137,-0.393714038865019,-0.189374388259886,-0.0581603235308492,0.00903870488792269,0.0949948086996179,0.197553406086775,0.292533749606777
66.3521422337633,-0.393446581969209,-0.189682772350895,-0.0581156163559264,0.00949017544602121,0.0958184387863257,0.198247127801577,0.29481448186642
66.7329111631187,-0.393067424868348,-0.189959226983253,-0.058047636461507,0.00995665641481452,0.0966322308609319,0.198902824089168,0.297230126558057
67.1158651760702,-0.392573996228254,-0.190203023227503,-0.057955922016599,0.0104383256867273,0.0974356918926383,0.199519160847386,0.29978269378781
67.5010168119559,-0.391963724714743,-0.190413432154187,-0.0578400111902103,0.0109353611541845,0.0982283288506485,0.200094803974075,0.302474193661802
67.8883786820721,-0.391234038993633,-0.19058972483385,-0.0576994421513487,0.0114479407096105,0.0990096487041643,0.200628419367073,0.305306636286153
68.2779634700866,-0.390382367730742,-0.190731172337034,-0.0575337530690221,0.0119762422454304,0.0997791584223884,0.201118672924222,0.308282031766989
68.6697839324536,-0.389406139591888,-0.190837045734283,-0.0573424821122385,0.0125204436540687,0.100536364974523,0.201564230543361,0.311402390210429
69.0638528988317,-0.388302783242886,-0.190906616096139,-0.0571251674500057,0.0130807228279504,0.101280775329771,0.201963758122332,0.314669721722596
69.4601832725037,-0.387069727349557,-0.190939154493145,-0.0568813472513316,0.0136572576594999,0.102011896457335,0.202315921558975,0.318086036409614
69.8587880307996,-0.385704400577715,-0.190933931995845,-0.0566105596852242,0.0142502260411422,0.102729235326417,0.20261938675113,0.321653344377603
70.2596802255209,-0.38420423159318,-0.190890219674782,-0.0563123429206912,0.014859805865302,0.10343229890622,0.202872819596638,0.325373655732687
70.6628729833685,-0.382566649061769,-0.190807288600499,-0.0559862351267407,0.015486175024404,0.104120594165945,0.203074885993339,0.329248980580987
71.0683795063721,-0.380789081649298,-0.190684409843539,-0.0556317744723804,0.016129511410873,0.104793628074797,0.203224251839075,0.333281329028626
71.4762130723228,-0.378868958021586,-0.190520854474444,-0.0552484991266183,0.0167899929171337,0.105450907601976,0.203319583031685,0.337472711181726
71.8863870352078,-0.376803706844451,-0.190315893563759,-0.0548359472584623,0.0174677974356109,0.106091939716687,0.20335954546901,0.341825137146409
72.2989148256473,-0.374590756783709,-0.190068798182026,-0.0543936570369202,0.0181631028587292,0.10671623138813,0.203342805048891,0.346340617028798
72.713809951335,-0.372227536505178,-0.189778839399788,-0.053921166631,0.0188760870789135,0.107323289585509,0.203268027669168,0.351021160935015
73.1310859974795,-0.369711474674675,-0.189445288287589,-0.0534180142097096,0.0196069279885885,0.107912621278026,0.203133879227681,0.355868778971181
73.5507566272499,-0.367039999958019,-0.189067415915971,-0.0528837379420568,0.0203558034801789,0.108483733434883,0.202939025622272,0.36088548124342
73.9728355822228,-0.364210541021026,-0.188644493355478,-0.0523178759970495,0.0211228914461094,0.109036133025284,0.20268213275078,0.366073277857854
74.3973366828322,-0.361220526529514,-0.188175791676652,-0.0517199665436957,0.0219083697788049,0.10956932701843,0.202361866511046,0.371434178920605
74.8242738288224,-0.358067385149301,-0.187660581950037,-0.0510895477510032,0.02271241637069,0.110082822383524,0.201976892800911,0.376970194537795
75.2536609997026,-0.354748545546204,-0.187098135246176,-0.0504261577879799,0.0235352091141895,0.110576126089769,0.201525877518215,0.382683334815546
75.6855122552051,-0.351261436386041,-0.186487722635612,-0.0497293348236337,0.0243769259017283,0.111048745106366,0.201007486560799,0.388575609859981
76.1198417357455,-0.347603486334628,-0.185828615188888,-0.0489986170269725,0.0252377446257308,0.111500186402519,0.200420385826504,0.394649029777222
76.5566636628856,-0.343772124057784,-0.185120083976547,-0.0482335425670042,0.026117843178622,0.11192995694743,0.199763241213169,0.40090560467339
76.9959923397991,-0.339764778221327,-0.184361400069132,-0.0474336496127367,0.0270173994528267,0.112337563710302,0.199034718618635,0.40734734465461
77.4378421517403,-0.335578877491072,-0.183551834537187,-0.0465984763331779,0.0279365913407693,0.112722513660336,0.198233483940743,0.413976259827002
77.8822275665146,-0.331211850532839,-0.182690658451254,-0.0457275608973356,0.0288755967348749,0.113084313766736,0.197358203077334,0.42079436029669
78.3291631349524,-0.326661126012445,-0.181777142881876,-0.0448204414742179,0.029834593527568,0.113422470998703,0.196407541926247,0.427803656169793
78.7786634913859,-0.321924132595706,-0.180810558899597,-0.0438766562328325,0.0308137596112734,0.113736492325441,0.195380166385324,0.435006157552437
79.2307433541277,-0.31699829894844,-0.17979017757496,-0.0428957433421873,0.0318132728784161,0.114025884716152,0.194274742352404,0.442403874550742
79.6854175259532,-0.311881053736466,-0.178715269978508,-0.0418772409712902,0.0328333112214206,0.114290155140038,0.19308993572533,0.449998817270832
80.1427008945851,-0.3065698256256,-0.177585107180783,-0.0408206872891492,0.0338740525327116,0.114528810566302,0.19182441240194,0.457792995818828
80.6026084331808,-0.30106204328166,-0.17639896025233,-0.0397256204647721,0.0349356747047141,0.114741357964146,0.190476838280075,0.465788420300853
81.0651552008229,-0.295355135370463,-0.17515610026369,-0.0385915786671668,0.0360183556298525,0.114927304302773,0.189045879257577,0.473987100823028
81.5303563430121,-0.289446530557828,-0.173855798285408,-0.0374181000653412,0.0371222732005518,0.115086156551386,0.187530201232285,0.482391047491477
81.9982270921632,-0.283333657509572,-0.172497325388026,-0.0362047228283034,0.0382476053092364,0.115217421679186,0.18592847010204,0.491002270412319
82.4687827681039,-0.277013944891511,-0.171079952642088,-0.034950985125061,0.0393945298483316,0.115320606655376,0.184239351764683,0.499822779691681
82.9420387785765,-0.270484821369463,-0.169602951118135,-0.0336564251246218,0.0405632247102619,0.11539521844916,0.182461512118054,0.508854585435682
83.4180106197419,-0.263743715609246,-0.168065591886713,-0.032320580995994,0.0417538677874518,0.115440764029738,0.180593617059993,0.518099697750446
83.8967138766878,-0.256788056276678,-0.166467146018362,-0.0309429909081854,0.0429666369723263,0.115456750366314,0.178634332488341,0.527560126742094
84.3781642239383,-0.249615272037575,-0.164806884583628,-0.0295231930302038,0.0442017101573101,0.11544268442809,0.17658232430094,0.537237882516749
84.8623774259678,-0.242222791557756,-0.163084078653052,-0.0280607255310572,0.0454592652348279,0.115398073184269,0.174436258395628,0.547134975180532
85.3493693377165,-0.234608043503038,-0.161297999297179,-0.0265551265797534,0.0467394800973046,0.115322423604053,0.172194800670247,0.557253414839567
85.83915590511,-0.226768456539238,-0.15944791758655,-0.0250059343453004,0.0480425326371647,0.115215242656645,0.169856617022637,0.567595211599975
86.3317531655814,-0.218701459332174,-0.15753310459171,-0.023412686996706,0.0493686007468331,0.115076037311247,0.16742037335064,0.578162375567879
86.8271772485963,-0.210404480547663,-0.1555528313832,-0.0217749227029781,0.0507178623187344,0.114904314537062,0.164884735552093,0.588956916849401
87.3254443761809,-0.201874948851524,-0.153506369031565,-0.0200921796331246,0.0520904952452936,0.114699581303291,0.162248369524841,0.599980845550664
87.8265708634533,-0.193110292909572,-0.151392988607347,-0.0183639959561535,0.0534866774189351,0.114461344579138,0.159509941166721,0.611236171777788
88.3305731191577,-0.184107941387627,-0.14921196118109,-0.0165899098410725,0.054906586732084,0.114189111333805,0.156668116375575,0.622724905636897
88.8374676462016,-0.174865322951504,-0.146962557823337,-0.0147694594568897,0.0563504010771648,0.113882388536495,0.153721561049244,0.634449057234114
89.3472710421962,-0.165379866267023,-0.14464404960463,-0.0129021829726128,0.0578182983466023,0.11354068315641,0.150668941085567,0.64641063667556
89.86,-0.155649,-0.142255707595512,-0.0109876185572498,0.0593104564328213,0.113163502162753,0.147508922382386,0.658611654067358
